#
# There is insufficient memory for the Java Runtime Environment to continue.
# Native memory allocation (malloc) failed to allocate 389136 bytes for Chunk::new
# Possible reasons:
#   The system is out of physical RAM or swap space
#   The process is running with CompressedOops enabled, and the Java Heap may be blocking the growth of the native heap
# Possible solutions:
#   Reduce memory load on the system
#   Increase physical memory or swap space
#   Check if swap backing store is full
#   Decrease Java heap size (-Xmx/-Xms)
#   Decrease number of Java threads
#   Decrease Java thread stack sizes (-Xss)
#   Set larger code cache with -XX:ReservedCodeCacheSize=
#   JVM is running with Unscaled Compressed Oops mode in which the Java heap is
#     placed in the first 4GB address space. The Java Heap base address is the
#     maximum limit for the native heap growth. Please use -XX:HeapBaseMinAddress
#     to set the Java Heap base and to place the Java Heap above 4GB virtual address.
# This output file may be truncated or incomplete.
#
#  Out of Memory Error (arena.cpp:168), pid=18472, tid=20472
#
# JRE version: Java(TM) SE Runtime Environment (21.0.10+8) (build 21.0.10+8-LTS-217)
# Java VM: Java HotSpot(TM) 64-Bit Server VM (21.0.10+8-LTS-217, mixed mode, sharing, tiered, compressed oops, compressed class ptrs, g1 gc, windows-amd64)
# No core dump will be written. Minidumps are not enabled by default on client versions of Windows
#

---------------  S U M M A R Y ------------

Command Line: --add-opens=java.base/java.lang=ALL-UNNAMED --add-opens=java.base/java.lang.invoke=ALL-UNNAMED --add-opens=java.base/java.util=ALL-UNNAMED --add-opens=java.prefs/java.util.prefs=ALL-UNNAMED --add-exports=jdk.compiler/com.sun.tools.javac.api=ALL-UNNAMED --add-exports=jdk.compiler/com.sun.tools.javac.util=ALL-UNNAMED --add-opens=java.base/java.nio.charset=ALL-UNNAMED --add-opens=java.base/java.net=ALL-UNNAMED --add-opens=java.base/java.util.concurrent=ALL-UNNAMED --add-opens=java.base/java.util.concurrent.atomic=ALL-UNNAMED --add-opens=java.xml/javax.xml.namespace=ALL-UNNAMED --add-opens=java.base/java.time=ALL-UNNAMED -XX:MaxMetaspaceSize=384m -XX:+HeapDumpOnOutOfMemoryError -Xms256m -Xmx512m -Dfile.encoding=UTF-8 -Duser.country=US -Duser.language=en -Duser.variant -javaagent:D:\.gradle\wrapper\dists\gradle-9.6.1-bin\4ticwg1pgcbps2hj28r8so764\gradle-9.6.1\lib\agents\gradle-instrumentation-agent-9.6.1.jar org.gradle.launcher.daemon.bootstrap.GradleDaemon 9.6.1

Host: AMD Ryzen 5 5500                               , 12 cores, 15G,  Windows 11 , 64 bit Build 26100 (10.0.26100.7309)
Time: Wed Aug  5 22:00:00 2026 India Standard Time elapsed time: 52.900810 seconds (0d 0h 0m 52s)

---------------  T H R E A D  ---------------

Current thread (0x00000242fb02f1a0):  JavaThread "C2 CompilerThread0" daemon [_thread_in_native, id=20472, stack(0x0000004b37300000,0x0000004b37400000) (1024K)]


Current CompileTask:
C2:  52900 18215       4       org.gradle.internal.file.FileHierarchySet$Node::contains (101 bytes)

Stack: [0x0000004b37300000,0x0000004b37400000]
Native frames: (J=compiled Java code, j=interpreted, Vv=VM code, C=native code)
V  [jvm.dll+0x6d0b59]
V  [jvm.dll+0x85fd56]
V  [jvm.dll+0x86224e]
V  [jvm.dll+0x862923]
V  [jvm.dll+0x282a16]
V  [jvm.dll+0xc662d]
V  [jvm.dll+0xc6b71]
V  [jvm.dll+0x3bbb21]
V  [jvm.dll+0x387fd2]
V  [jvm.dll+0x38741a]
V  [jvm.dll+0x24b370]
V  [jvm.dll+0x24a94f]
V  [jvm.dll+0x1cacfe]
V  [jvm.dll+0x25a629]
V  [jvm.dll+0x258bb5]
V  [jvm.dll+0x3f4da1]
V  [jvm.dll+0x80a83d]
V  [jvm.dll+0x6cf3fd]
C  [ucrtbase.dll+0x37b0]
C  [KERNEL32.DLL+0x2e8d7]
C  [ntdll.dll+0x8c53c]


---------------  P R O C E S S  ---------------

Threads class SMR info:
_java_thread_list=0x00000242fb96d700, length=77, elements={
0x00000242e86ff9d0, 0x00000242fb00e400, 0x00000242fb013070, 0x00000242fb020830,
0x00000242fb01fb10, 0x00000242fb021be0, 0x00000242fb020ec0, 0x00000242fb02f1a0,
0x00000242fb030c50, 0x00000242fb021550, 0x00000242fb0201a0, 0x00000242fb022900,
0x00000242fb022270, 0x00000242fb01f480, 0x00000242fcfa7f50, 0x00000242fcfa78c0,
0x00000242fcfa9300, 0x00000242fcfa9990, 0x00000242fcfa6510, 0x00000242fcfaa6b0,
0x00000242fcfaad40, 0x00000242fcfab3d0, 0x00000242fcfaba60, 0x00000242ffb78a60,
0x00000242ffb790f0, 0x00000242ffb79e10, 0x00000242ffb7a4a0, 0x00000242ffb77020,
0x00000242ffb77d40, 0x00000242ffb783d0, 0x00000242ffb7ab30, 0x00000242ffb79780,
0x00000242ffb776b0, 0x00000242ffb7c570, 0x00000242a67ea300, 0x00000242a6454de0,
0x00000242a6456eb0, 0x00000242a6455470, 0x00000242a64588f0, 0x00000242a6455b00,
0x00000242a64540c0, 0x00000242a6e13c10, 0x00000242a6e142a0, 0x00000242a6e10e20,
0x00000242a6e15ce0, 0x00000242a6e17090, 0x00000242a6e14930, 0x00000242a6e17720,
0x00000242a6e14fc0, 0x00000242a6e15650, 0x00000242a67e4090, 0x00000242a67e2ce0,
0x00000242a67e5440, 0x00000242a67e3a00, 0x00000242a67e67f0, 0x00000242a67e5ad0,
0x00000242a67e4720, 0x00000242a67e6160, 0x00000242fcfa4ad0, 0x00000242fcfa5e80,
0x00000242fcfa85e0, 0x00000242fd60dd80, 0x00000242fd60e410, 0x00000242fd60f130,
0x00000242fd60fe50, 0x00000242fd6104e0, 0x00000242fd610b70, 0x00000242fd60d6f0,
0x00000242fd611200, 0x00000242fd614680, 0x00000242fd613ff0, 0x00000242fd6125b0,
0x00000242fd6132d0, 0x00000242fd612c40, 0x00000242fd613960, 0x00000242fd611f20,
0x00000242a61076f0
}

Java Threads: ( => current thread )
  0x00000242e86ff9d0 JavaThread "main"                              [_thread_blocked, id=17800, stack(0x0000004b36500000,0x0000004b36600000) (1024K)]
  0x00000242fb00e400 JavaThread "Reference Handler"          daemon [_thread_blocked, id=12604, stack(0x0000004b36d00000,0x0000004b36e00000) (1024K)]
  0x00000242fb013070 JavaThread "Finalizer"                  daemon [_thread_blocked, id=15052, stack(0x0000004b36e00000,0x0000004b36f00000) (1024K)]
  0x00000242fb020830 JavaThread "Signal Dispatcher"          daemon [_thread_blocked, id=23152, stack(0x0000004b36f00000,0x0000004b37000000) (1024K)]
  0x00000242fb01fb10 JavaThread "Attach Listener"            daemon [_thread_blocked, id=22868, stack(0x0000004b37000000,0x0000004b37100000) (1024K)]
  0x00000242fb021be0 JavaThread "Service Thread"             daemon [_thread_blocked, id=5576, stack(0x0000004b37100000,0x0000004b37200000) (1024K)]
  0x00000242fb020ec0 JavaThread "Monitor Deflation Thread"   daemon [_thread_blocked, id=20580, stack(0x0000004b37200000,0x0000004b37300000) (1024K)]
=>0x00000242fb02f1a0 JavaThread "C2 CompilerThread0"         daemon [_thread_in_native, id=20472, stack(0x0000004b37300000,0x0000004b37400000) (1024K)]
  0x00000242fb030c50 JavaThread "C1 CompilerThread0"         daemon [_thread_blocked, id=23020, stack(0x0000004b37400000,0x0000004b37500000) (1024K)]
  0x00000242fb021550 JavaThread "Common-Cleaner"             daemon [_thread_blocked, id=17312, stack(0x0000004b37500000,0x0000004b37600000) (1024K)]
  0x00000242fb0201a0 JavaThread "Notification Thread"        daemon [_thread_blocked, id=5840, stack(0x0000004b37600000,0x0000004b37700000) (1024K)]
  0x00000242fb022900 JavaThread "Daemon health stats"               [_thread_blocked, id=7344, stack(0x0000004b37e00000,0x0000004b37f00000) (1024K)]
  0x00000242fb022270 JavaThread "Incoming local TCP Connector on port 49411"        [_thread_in_native, id=13940, stack(0x0000004b37f00000,0x0000004b38000000) (1024K)]
  0x00000242fb01f480 JavaThread "Daemon periodic checks"            [_thread_blocked, id=21496, stack(0x0000004b38000000,0x0000004b38100000) (1024K)]
  0x00000242fcfa7f50 JavaThread "Daemon"                            [_thread_blocked, id=11128, stack(0x0000004b38100000,0x0000004b38200000) (1024K)]
  0x00000242fcfa78c0 JavaThread "Daemon worker"                     [_thread_blocked, id=16176, stack(0x0000004b38400000,0x0000004b38500000) (1024K)]
  0x00000242fcfa9300 JavaThread "Cache worker for journal cache (D:\.gradle\caches\journal-1)"        [_thread_blocked, id=132, stack(0x0000004b38800000,0x0000004b38900000) (1024K)]
  0x00000242fcfa9990 JavaThread "File lock request listener"        [_thread_in_native, id=10064, stack(0x0000004b38900000,0x0000004b38a00000) (1024K)]
  0x00000242fcfa6510 JavaThread "Cache worker for file hash cache (D:\.gradle\caches\9.6.1\fileHashes)"        [_thread_blocked, id=14012, stack(0x0000004b38a00000,0x0000004b38b00000) (1024K)]
  0x00000242fcfaa6b0 JavaThread "File watcher server"        daemon [_thread_in_native, id=2660, stack(0x0000004b39300000,0x0000004b39400000) (1024K)]
  0x00000242fcfaad40 JavaThread "File watcher consumer"      daemon [_thread_blocked, id=18372, stack(0x0000004b39400000,0x0000004b39500000) (1024K)]
  0x00000242fcfab3d0 JavaThread "jar transforms"                    [_thread_blocked, id=22584, stack(0x0000004b39500000,0x0000004b39600000) (1024K)]
  0x00000242fcfaba60 JavaThread "jar transforms Thread 2"           [_thread_blocked, id=21696, stack(0x0000004b39600000,0x0000004b39700000) (1024K)]
  0x00000242ffb78a60 JavaThread "jar transforms Thread 3"           [_thread_blocked, id=2656, stack(0x0000004b39700000,0x0000004b39800000) (1024K)]
  0x00000242ffb790f0 JavaThread "jar transforms Thread 4"           [_thread_blocked, id=22996, stack(0x0000004b39800000,0x0000004b39900000) (1024K)]
  0x00000242ffb79e10 JavaThread "jar transforms Thread 5"           [_thread_blocked, id=18464, stack(0x0000004b39900000,0x0000004b39a00000) (1024K)]
  0x00000242ffb7a4a0 JavaThread "jar transforms Thread 6"           [_thread_blocked, id=12860, stack(0x0000004b39a00000,0x0000004b39b00000) (1024K)]
  0x00000242ffb77020 JavaThread "jar transforms Thread 7"           [_thread_blocked, id=2556, stack(0x0000004b39b00000,0x0000004b39c00000) (1024K)]
  0x00000242ffb77d40 JavaThread "jar transforms Thread 8"           [_thread_blocked, id=11268, stack(0x0000004b39c00000,0x0000004b39d00000) (1024K)]
  0x00000242ffb783d0 JavaThread "jar transforms Thread 9"           [_thread_blocked, id=18224, stack(0x0000004b39d00000,0x0000004b39e00000) (1024K)]
  0x00000242ffb7ab30 JavaThread "jar transforms Thread 10"          [_thread_blocked, id=22852, stack(0x0000004b39e00000,0x0000004b39f00000) (1024K)]
  0x00000242ffb79780 JavaThread "jar transforms Thread 11"          [_thread_blocked, id=20516, stack(0x0000004b39f00000,0x0000004b3a000000) (1024K)]
  0x00000242ffb776b0 JavaThread "jar transforms Thread 12"          [_thread_blocked, id=21888, stack(0x0000004b3a000000,0x0000004b3a100000) (1024K)]
  0x00000242ffb7c570 JavaThread "Cache worker for file content cache (D:\.gradle\caches\9.6.1\fileContent)"        [_thread_blocked, id=14656, stack(0x0000004b3a100000,0x0000004b3a200000) (1024K)]
  0x00000242a67ea300 JavaThread "Memory manager"                    [_thread_blocked, id=21660, stack(0x0000004b3b100000,0x0000004b3b200000) (1024K)]
  0x00000242a6454de0 JavaThread "VFS cleanup"                       [_thread_blocked, id=20884, stack(0x0000004b38500000,0x0000004b38600000) (1024K)]
  0x00000242a6456eb0 JavaThread "Handler for socket connection from /127.0.0.1:49411 to /127.0.0.1:49442"        [_thread_in_native, id=23036, stack(0x0000004b37700000,0x0000004b37800000) (1024K)]
  0x00000242a6455470 JavaThread "Daemon Thread 2"                   [_thread_blocked, id=17456, stack(0x0000004b37800000,0x0000004b37900000) (1024K)]
  0x00000242a64588f0 JavaThread "Cancel handler"                    [_thread_blocked, id=19876, stack(0x0000004b38300000,0x0000004b38400000) (1024K)]
  0x00000242a6455b00 JavaThread "Asynchronous log dispatcher for DefaultDaemonConnection: socket connection from /127.0.0.1:49411 to /127.0.0.1:49442"        [_thread_blocked, id=10360, stack(0x0000004b38600000,0x0000004b38700000) (1024K)]
  0x00000242a64540c0 JavaThread "Stdin handler"                     [_thread_blocked, id=18208, stack(0x0000004b38200000,0x0000004b38300000) (1024K)]
  0x00000242a6e13c10 JavaThread "Daemon client event forwarder"        [_thread_blocked, id=3532, stack(0x0000004b38700000,0x0000004b38800000) (1024K)]
  0x00000242a6e142a0 JavaThread "Cache worker for file hash cache (D:\projects\NeoFolio-Kt\.gradle\9.6.1\fileHashes)"        [_thread_blocked, id=15984, stack(0x0000004b39200000,0x0000004b39300000) (1024K)]
  0x00000242a6e10e20 JavaThread "Cache worker for checksums cache (D:\projects\NeoFolio-Kt\.gradle\9.6.1\checksums)"        [_thread_blocked, id=8164, stack(0x0000004b3a200000,0x0000004b3a300000) (1024K)]
  0x00000242a6e15ce0 JavaThread "Cache worker for Build Output Cleanup Cache (D:\projects\NeoFolio-Kt\.gradle\buildOutputCleanup)"        [_thread_blocked, id=12568, stack(0x0000004b3a300000,0x0000004b3a400000) (1024K)]
  0x00000242a6e17090 JavaThread "Cache worker for cache directory md-supplier (D:\.gradle\caches\9.6.1\md-supplier)"        [_thread_blocked, id=10484, stack(0x0000004b39100000,0x0000004b39200000) (1024K)]
  0x00000242a6e14930 JavaThread "Cache worker for cache directory md-rule (D:\.gradle\caches\9.6.1\md-rule)"        [_thread_blocked, id=8284, stack(0x0000004b3a400000,0x0000004b3a500000) (1024K)]
  0x00000242a6e17720 JavaThread "Build operations"                  [_thread_blocked, id=4668, stack(0x0000004b3a500000,0x0000004b3a600000) (1024K)]
  0x00000242a6e14fc0 JavaThread "Build operations Thread 2"         [_thread_blocked, id=18704, stack(0x0000004b3a600000,0x0000004b3a700000) (1024K)]
  0x00000242a6e15650 JavaThread "Build operations Thread 3"         [_thread_blocked, id=19676, stack(0x0000004b3a700000,0x0000004b3a800000) (1024K)]
  0x00000242a67e4090 JavaThread "Build operations Thread 4"         [_thread_blocked, id=15496, stack(0x0000004b3a800000,0x0000004b3a900000) (1024K)]
  0x00000242a67e2ce0 JavaThread "Build operations Thread 5"         [_thread_blocked, id=15752, stack(0x0000004b3a900000,0x0000004b3aa00000) (1024K)]
  0x00000242a67e5440 JavaThread "Build operations Thread 6"         [_thread_blocked, id=4140, stack(0x0000004b3aa00000,0x0000004b3ab00000) (1024K)]
  0x00000242a67e3a00 JavaThread "Build operations Thread 7"         [_thread_blocked, id=20236, stack(0x0000004b3ab00000,0x0000004b3ac00000) (1024K)]
  0x00000242a67e67f0 JavaThread "Build operations Thread 8"         [_thread_blocked, id=21764, stack(0x0000004b3ac00000,0x0000004b3ad00000) (1024K)]
  0x00000242a67e5ad0 JavaThread "Build operations Thread 9"         [_thread_blocked, id=18940, stack(0x0000004b3ad00000,0x0000004b3ae00000) (1024K)]
  0x00000242a67e4720 JavaThread "Build operations Thread 10"        [_thread_blocked, id=19220, stack(0x0000004b3ae00000,0x0000004b3af00000) (1024K)]
  0x00000242a67e6160 JavaThread "File lock release action executor"        [_thread_blocked, id=19652, stack(0x0000004b3b200000,0x0000004b3b300000) (1024K)]
  0x00000242fcfa4ad0 JavaThread "Build operations Thread 11"        [_thread_blocked, id=22956, stack(0x0000004b3b000000,0x0000004b3b100000) (1024K)]
  0x00000242fcfa5e80 JavaThread "Build operations Thread 12"        [_thread_blocked, id=2960, stack(0x0000004b3b300000,0x0000004b3b400000) (1024K)]
  0x00000242fcfa85e0 JavaThread "Configuration cache report writer"        [_thread_blocked, id=23072, stack(0x0000004b3af00000,0x0000004b3b000000) (1024K)]
  0x00000242fd60dd80 JavaThread "build event listener"              [_thread_blocked, id=16396, stack(0x0000004b3b600000,0x0000004b3b700000) (1024K)]
  0x00000242fd60e410 JavaThread "build event listener"              [_thread_blocked, id=13072, stack(0x0000004b3b700000,0x0000004b3b800000) (1024K)]
  0x00000242fd60f130 JavaThread "included builds"                   [_thread_blocked, id=22580, stack(0x0000004b3b500000,0x0000004b3b600000) (1024K)]
  0x00000242fd60fe50 JavaThread "Execution worker"                  [_thread_blocked, id=19992, stack(0x0000004b3b800000,0x0000004b3b900000) (1024K)]
  0x00000242fd6104e0 JavaThread "Execution worker Thread 2"         [_thread_blocked, id=18852, stack(0x0000004b3b900000,0x0000004b3ba00000) (1024K)]
  0x00000242fd610b70 JavaThread "Execution worker Thread 3"         [_thread_blocked, id=9016, stack(0x0000004b3ba00000,0x0000004b3bb00000) (1024K)]
  0x00000242fd60d6f0 JavaThread "Execution worker Thread 4"         [_thread_blocked, id=20212, stack(0x0000004b3bb00000,0x0000004b3bc00000) (1024K)]
  0x00000242fd611200 JavaThread "Execution worker Thread 5"         [_thread_blocked, id=18512, stack(0x0000004b3bc00000,0x0000004b3bd00000) (1024K)]
  0x00000242fd614680 JavaThread "Execution worker Thread 6"         [_thread_blocked, id=13880, stack(0x0000004b3bd00000,0x0000004b3be00000) (1024K)]
  0x00000242fd613ff0 JavaThread "Execution worker Thread 7"         [_thread_blocked, id=19940, stack(0x0000004b3be00000,0x0000004b3bf00000) (1024K)]
  0x00000242fd6125b0 JavaThread "Execution worker Thread 8"         [_thread_blocked, id=22636, stack(0x0000004b3bf00000,0x0000004b3c000000) (1024K)]
  0x00000242fd6132d0 JavaThread "Execution worker Thread 9"         [_thread_blocked, id=16972, stack(0x0000004b3c000000,0x0000004b3c100000) (1024K)]
  0x00000242fd612c40 JavaThread "Execution worker Thread 10"        [_thread_blocked, id=17188, stack(0x0000004b3c100000,0x0000004b3c200000) (1024K)]
  0x00000242fd613960 JavaThread "Execution worker Thread 11"        [_thread_in_vm, id=5796, stack(0x0000004b3c200000,0x0000004b3c300000) (1024K)]
  0x00000242fd611f20 JavaThread "Cache worker for execution history cache (D:\projects\NeoFolio-Kt\.gradle\9.6.1\executionHistory)"        [_thread_blocked, id=20628, stack(0x0000004b3c300000,0x0000004b3c400000) (1024K)]
  0x00000242a61076f0 JavaThread "C2 CompilerThread1"         daemon [_thread_in_native, id=18712, stack(0x0000004b3b400000,0x0000004b3b500000) (1024K)]
Total: 77

Other Threads:
  0x00000242f6b0ee00 VMThread "VM Thread"                           [id=14588, stack(0x0000004b36c00000,0x0000004b36d00000) (1024K)]
  0x00000242f6b00950 WatcherThread "VM Periodic Task Thread"        [id=11872, stack(0x0000004b36b00000,0x0000004b36c00000) (1024K)]
  0x00000242ea2b6c30 WorkerThread "GC Thread#0"                     [id=22760, stack(0x0000004b36600000,0x0000004b36700000) (1024K)]
  0x00000242fc125670 WorkerThread "GC Thread#1"                     [id=12952, stack(0x0000004b37900000,0x0000004b37a00000) (1024K)]
  0x00000242fc125e30 WorkerThread "GC Thread#2"                     [id=22040, stack(0x0000004b37a00000,0x0000004b37b00000) (1024K)]
  0x00000242fb7a7e50 WorkerThread "GC Thread#3"                     [id=22680, stack(0x0000004b37b00000,0x0000004b37c00000) (1024K)]
  0x00000242fb7a8200 WorkerThread "GC Thread#4"                     [id=22368, stack(0x0000004b37c00000,0x0000004b37d00000) (1024K)]
  0x00000242fc2251b0 WorkerThread "GC Thread#5"                     [id=16844, stack(0x0000004b37d00000,0x0000004b37e00000) (1024K)]
  0x00000242fd6d3330 WorkerThread "GC Thread#6"                     [id=23316, stack(0x0000004b38b00000,0x0000004b38c00000) (1024K)]
  0x00000242fd6d4950 WorkerThread "GC Thread#7"                     [id=21432, stack(0x0000004b38c00000,0x0000004b38d00000) (1024K)]
  0x00000242fd6d36e0 WorkerThread "GC Thread#8"                     [id=16924, stack(0x0000004b38d00000,0x0000004b38e00000) (1024K)]
  0x00000242fd6d41f0 WorkerThread "GC Thread#9"                     [id=13000, stack(0x0000004b38e00000,0x0000004b38f00000) (1024K)]
  0x00000242ea2bbbd0 ConcurrentGCThread "G1 Main Marker"            [id=1016, stack(0x0000004b36700000,0x0000004b36800000) (1024K)]
  0x00000242ea2bd470 WorkerThread "G1 Conc#0"                       [id=17512, stack(0x0000004b36800000,0x0000004b36900000) (1024K)]
  0x00000242fe0ec3f0 WorkerThread "G1 Conc#1"                       [id=13404, stack(0x0000004b38f00000,0x0000004b39000000) (1024K)]
  0x00000242fe0ec040 WorkerThread "G1 Conc#2"                       [id=19844, stack(0x0000004b39000000,0x0000004b39100000) (1024K)]
  0x00000242f69cba30 ConcurrentGCThread "G1 Refine#0"               [id=21188, stack(0x0000004b36900000,0x0000004b36a00000) (1024K)]
  0x00000242f69cd670 ConcurrentGCThread "G1 Service"                [id=5364, stack(0x0000004b36a00000,0x0000004b36b00000) (1024K)]
Total: 18

Threads with active compile tasks:
C2 CompilerThread0    52961 18215       4       org.gradle.internal.file.FileHierarchySet$Node::contains (101 bytes)
C1 CompilerThread0    52961 18298       3       kotlin.io.FileTreeWalk$FileTreeWalkIterator$TopDownDirectoryState::step (258 bytes)
C2 CompilerThread1    52961 18283       4       java.nio.ByteBuffer::put (124 bytes)
Total: 3

VM state: not at safepoint (normal execution)

VM Mutex/Monitor currently owned by a thread:  ([mutex/lock_event])
[0x00007ffef4a57f10] Metaspace_lock - owner thread: 0x00000242fd613960

Heap address: 0x00000000e0000000, size: 512 MB, Compressed Oops mode: 32-bit

CDS archive(s) mapped at: [0x000002428f000000-0x000002428fc90000-0x000002428fc90000), size 13172736, SharedBaseAddress: 0x000002428f000000, ArchiveRelocationMode: 1.
Compressed class space mapped at: 0x0000024290000000-0x00000242a4000000, reserved size: 335544320
Narrow klass base: 0x000002428f000000, Narrow klass shift: 0, Narrow klass range: 0x100000000

GC Precious Log:
 CardTable entry size: 512
 Card Set container configuration: InlinePtr #cards 5 size 8 Array Of Cards #cards 12 size 40 Howl #buckets 4 coarsen threshold 1843 Howl Bitmap #cards 512 size 80 coarsen threshold 460 Card regions per heap region 1 cards per card region 2048
 CPUs: 12 total, 12 available
 Memory: 16252M
 Large Page Support: Disabled
 NUMA Support: Disabled
 Compressed Oops: Enabled (32-bit)
 Heap Region Size: 1M
 Heap Min Capacity: 256M
 Heap Initial Capacity: 256M
 Heap Max Capacity: 512M
 Pre-touch: Disabled
 Parallel Workers: 10
 Concurrent Workers: 3
 Concurrent Refinement Workers: 10
 Periodic GC: Disabled

Heap:
 garbage-first heap   total 304128K, used 193946K [0x00000000e0000000, 0x0000000100000000)
  region size 1024K, 10 young (10240K), 5 survivors (5120K)
 Metaspace       used 124422K, committed 127488K, reserved 458752K
  class space    used 16856K, committed 18432K, reserved 327680K

Heap Regions: E=young(eden), S=young(survivor), O=old, HS=humongous(starts), HC=humongous(continues), CS=collection set, F=free, TAMS=top-at-mark-start, PB=parsable bottom
|   0|0x00000000e0000000, 0x00000000e0100000, 0x00000000e0100000|100%|HS|  |TAMS 0x00000000e0000000| PB 0x00000000e0000000| Complete 
|   1|0x00000000e0100000, 0x00000000e0200000, 0x00000000e0200000|100%|HC|  |TAMS 0x00000000e0100000| PB 0x00000000e0100000| Complete 
|   2|0x00000000e0200000, 0x00000000e0300000, 0x00000000e0300000|100%|HC|  |TAMS 0x00000000e0200000| PB 0x00000000e0200000| Complete 
|   3|0x00000000e0300000, 0x00000000e0400000, 0x00000000e0400000|100%|HC|  |TAMS 0x00000000e0300000| PB 0x00000000e0300000| Complete 
|   4|0x00000000e0400000, 0x00000000e0500000, 0x00000000e0500000|100%| O|  |TAMS 0x00000000e0400000| PB 0x00000000e0400000| Untracked 
|   5|0x00000000e0500000, 0x00000000e0600000, 0x00000000e0600000|100%|HS|  |TAMS 0x00000000e0500000| PB 0x00000000e0500000| Complete 
|   6|0x00000000e0600000, 0x00000000e0700000, 0x00000000e0700000|100%| O|  |TAMS 0x00000000e0600000| PB 0x00000000e0600000| Untracked 
|   7|0x00000000e0700000, 0x00000000e0800000, 0x00000000e0800000|100%| O|  |TAMS 0x00000000e0700000| PB 0x00000000e0700000| Untracked 
|   8|0x00000000e0800000, 0x00000000e0900000, 0x00000000e0900000|100%|HS|  |TAMS 0x00000000e0800000| PB 0x00000000e0800000| Complete 
|   9|0x00000000e0900000, 0x00000000e0a00000, 0x00000000e0a00000|100%| O|  |TAMS 0x00000000e0900000| PB 0x00000000e0900000| Untracked 
|  10|0x00000000e0a00000, 0x00000000e0b00000, 0x00000000e0b00000|100%| O|  |TAMS 0x00000000e0a00000| PB 0x00000000e0a00000| Untracked 
|  11|0x00000000e0b00000, 0x00000000e0c00000, 0x00000000e0c00000|100%| O|  |TAMS 0x00000000e0b00000| PB 0x00000000e0b00000| Untracked 
|  12|0x00000000e0c00000, 0x00000000e0d00000, 0x00000000e0d00000|100%| O|  |TAMS 0x00000000e0c00000| PB 0x00000000e0c00000| Untracked 
|  13|0x00000000e0d00000, 0x00000000e0e00000, 0x00000000e0e00000|100%| O|  |TAMS 0x00000000e0d00000| PB 0x00000000e0d00000| Untracked 
|  14|0x00000000e0e00000, 0x00000000e0f00000, 0x00000000e0f00000|100%| O|  |TAMS 0x00000000e0e00000| PB 0x00000000e0e00000| Untracked 
|  15|0x00000000e0f00000, 0x00000000e1000000, 0x00000000e1000000|100%| O|  |TAMS 0x00000000e0f00000| PB 0x00000000e0f00000| Untracked 
|  16|0x00000000e1000000, 0x00000000e1100000, 0x00000000e1100000|100%| O|  |TAMS 0x00000000e1000000| PB 0x00000000e1000000| Untracked 
|  17|0x00000000e1100000, 0x00000000e1200000, 0x00000000e1200000|100%| O|  |TAMS 0x00000000e1100000| PB 0x00000000e1100000| Untracked 
|  18|0x00000000e1200000, 0x00000000e1300000, 0x00000000e1300000|100%| O|  |TAMS 0x00000000e1200000| PB 0x00000000e1200000| Untracked 
|  19|0x00000000e1300000, 0x00000000e1400000, 0x00000000e1400000|100%| O|  |TAMS 0x00000000e1300000| PB 0x00000000e1300000| Untracked 
|  20|0x00000000e1400000, 0x00000000e1500000, 0x00000000e1500000|100%| O|  |TAMS 0x00000000e1400000| PB 0x00000000e1400000| Untracked 
|  21|0x00000000e1500000, 0x00000000e1600000, 0x00000000e1600000|100%| O|  |TAMS 0x00000000e1500000| PB 0x00000000e1500000| Untracked 
|  22|0x00000000e1600000, 0x00000000e1700000, 0x00000000e1700000|100%|HS|  |TAMS 0x00000000e1600000| PB 0x00000000e1600000| Complete 
|  23|0x00000000e1700000, 0x00000000e1800000, 0x00000000e1800000|100%|HC|  |TAMS 0x00000000e1700000| PB 0x00000000e1700000| Complete 
|  24|0x00000000e1800000, 0x00000000e1900000, 0x00000000e1900000|100%|HC|  |TAMS 0x00000000e1800000| PB 0x00000000e1800000| Complete 
|  25|0x00000000e1900000, 0x00000000e1a00000, 0x00000000e1a00000|100%|HC|  |TAMS 0x00000000e1900000| PB 0x00000000e1900000| Complete 
|  26|0x00000000e1a00000, 0x00000000e1b00000, 0x00000000e1b00000|100%|HC|  |TAMS 0x00000000e1a00000| PB 0x00000000e1a00000| Complete 
|  27|0x00000000e1b00000, 0x00000000e1c00000, 0x00000000e1c00000|100%|HC|  |TAMS 0x00000000e1b00000| PB 0x00000000e1b00000| Complete 
|  28|0x00000000e1c00000, 0x00000000e1d00000, 0x00000000e1d00000|100%|HS|  |TAMS 0x00000000e1c00000| PB 0x00000000e1c00000| Complete 
|  29|0x00000000e1d00000, 0x00000000e1e00000, 0x00000000e1e00000|100%|HS|  |TAMS 0x00000000e1d00000| PB 0x00000000e1d00000| Complete 
|  30|0x00000000e1e00000, 0x00000000e1f00000, 0x00000000e1f00000|100%|HS|  |TAMS 0x00000000e1e00000| PB 0x00000000e1e00000| Complete 
|  31|0x00000000e1f00000, 0x00000000e2000000, 0x00000000e2000000|100%|HC|  |TAMS 0x00000000e1f00000| PB 0x00000000e1f00000| Complete 
|  32|0x00000000e2000000, 0x00000000e2100000, 0x00000000e2100000|100%|HC|  |TAMS 0x00000000e2000000| PB 0x00000000e2000000| Complete 
|  33|0x00000000e2100000, 0x00000000e2200000, 0x00000000e2200000|100%|HC|  |TAMS 0x00000000e2100000| PB 0x00000000e2100000| Complete 
|  34|0x00000000e2200000, 0x00000000e2300000, 0x00000000e2300000|100%|HC|  |TAMS 0x00000000e2200000| PB 0x00000000e2200000| Complete 
|  35|0x00000000e2300000, 0x00000000e2400000, 0x00000000e2400000|100%|HS|  |TAMS 0x00000000e2300000| PB 0x00000000e2300000| Complete 
|  36|0x00000000e2400000, 0x00000000e2500000, 0x00000000e2500000|100%|HS|  |TAMS 0x00000000e2400000| PB 0x00000000e2400000| Complete 
|  37|0x00000000e2500000, 0x00000000e2600000, 0x00000000e2600000|100%|HC|  |TAMS 0x00000000e2500000| PB 0x00000000e2500000| Complete 
|  38|0x00000000e2600000, 0x00000000e2700000, 0x00000000e2700000|100%|HC|  |TAMS 0x00000000e2600000| PB 0x00000000e2600000| Complete 
|  39|0x00000000e2700000, 0x00000000e2800000, 0x00000000e2800000|100%|HC|  |TAMS 0x00000000e2700000| PB 0x00000000e2700000| Complete 
|  40|0x00000000e2800000, 0x00000000e2900000, 0x00000000e2900000|100%|HC|  |TAMS 0x00000000e2800000| PB 0x00000000e2800000| Complete 
|  41|0x00000000e2900000, 0x00000000e2a00000, 0x00000000e2a00000|100%|HC|  |TAMS 0x00000000e2900000| PB 0x00000000e2900000| Complete 
|  42|0x00000000e2a00000, 0x00000000e2b00000, 0x00000000e2b00000|100%|HS|  |TAMS 0x00000000e2a00000| PB 0x00000000e2a00000| Complete 
|  43|0x00000000e2b00000, 0x00000000e2c00000, 0x00000000e2c00000|100%|HS|  |TAMS 0x00000000e2b00000| PB 0x00000000e2b00000| Complete 
|  44|0x00000000e2c00000, 0x00000000e2d00000, 0x00000000e2d00000|100%|HS|  |TAMS 0x00000000e2c00000| PB 0x00000000e2c00000| Complete 
|  45|0x00000000e2d00000, 0x00000000e2e00000, 0x00000000e2e00000|100%|HC|  |TAMS 0x00000000e2d00000| PB 0x00000000e2d00000| Complete 
|  46|0x00000000e2e00000, 0x00000000e2f00000, 0x00000000e2f00000|100%|HC|  |TAMS 0x00000000e2e00000| PB 0x00000000e2e00000| Complete 
|  47|0x00000000e2f00000, 0x00000000e3000000, 0x00000000e3000000|100%|HC|  |TAMS 0x00000000e2f00000| PB 0x00000000e2f00000| Complete 
|  48|0x00000000e3000000, 0x00000000e3100000, 0x00000000e3100000|100%|HC|  |TAMS 0x00000000e3000000| PB 0x00000000e3000000| Complete 
|  49|0x00000000e3100000, 0x00000000e3200000, 0x00000000e3200000|100%|HS|  |TAMS 0x00000000e3100000| PB 0x00000000e3100000| Complete 
|  50|0x00000000e3200000, 0x00000000e3300000, 0x00000000e3300000|100%| O|  |TAMS 0x00000000e3200000| PB 0x00000000e3200000| Untracked 
|  51|0x00000000e3300000, 0x00000000e3400000, 0x00000000e3400000|100%| O|  |TAMS 0x00000000e3300000| PB 0x00000000e3300000| Untracked 
|  52|0x00000000e3400000, 0x00000000e3500000, 0x00000000e3500000|100%| O|  |TAMS 0x00000000e3400000| PB 0x00000000e3400000| Untracked 
|  53|0x00000000e3500000, 0x00000000e3600000, 0x00000000e3600000|100%| O|  |TAMS 0x00000000e3500000| PB 0x00000000e3500000| Untracked 
|  54|0x00000000e3600000, 0x00000000e3700000, 0x00000000e3700000|100%| O|  |TAMS 0x00000000e3600000| PB 0x00000000e3600000| Untracked 
|  55|0x00000000e3700000, 0x00000000e3800000, 0x00000000e3800000|100%| O|  |TAMS 0x00000000e3700000| PB 0x00000000e3700000| Untracked 
|  56|0x00000000e3800000, 0x00000000e3900000, 0x00000000e3900000|100%| O|  |TAMS 0x00000000e3800000| PB 0x00000000e3800000| Untracked 
|  57|0x00000000e3900000, 0x00000000e3a00000, 0x00000000e3a00000|100%| O|  |TAMS 0x00000000e3900000| PB 0x00000000e3900000| Untracked 
|  58|0x00000000e3a00000, 0x00000000e3b00000, 0x00000000e3b00000|100%| O|  |TAMS 0x00000000e3a00000| PB 0x00000000e3a00000| Untracked 
|  59|0x00000000e3b00000, 0x00000000e3c00000, 0x00000000e3c00000|100%| O|  |TAMS 0x00000000e3b00000| PB 0x00000000e3b00000| Untracked 
|  60|0x00000000e3c00000, 0x00000000e3d00000, 0x00000000e3d00000|100%| O|  |TAMS 0x00000000e3c00000| PB 0x00000000e3c00000| Untracked 
|  61|0x00000000e3d00000, 0x00000000e3e00000, 0x00000000e3e00000|100%| O|  |TAMS 0x00000000e3d00000| PB 0x00000000e3d00000| Untracked 
|  62|0x00000000e3e00000, 0x00000000e3f00000, 0x00000000e3f00000|100%| O|  |TAMS 0x00000000e3e00000| PB 0x00000000e3e00000| Untracked 
|  63|0x00000000e3f00000, 0x00000000e4000000, 0x00000000e4000000|100%| O|  |TAMS 0x00000000e3f00000| PB 0x00000000e3f00000| Untracked 
|  64|0x00000000e4000000, 0x00000000e4100000, 0x00000000e4100000|100%| O|  |TAMS 0x00000000e4000000| PB 0x00000000e4000000| Untracked 
|  65|0x00000000e4100000, 0x00000000e4200000, 0x00000000e4200000|100%| O|  |TAMS 0x00000000e4100000| PB 0x00000000e4100000| Untracked 
|  66|0x00000000e4200000, 0x00000000e4300000, 0x00000000e4300000|100%| O|  |TAMS 0x00000000e4200000| PB 0x00000000e4200000| Untracked 
|  67|0x00000000e4300000, 0x00000000e4400000, 0x00000000e4400000|100%| O|  |TAMS 0x00000000e4300000| PB 0x00000000e4300000| Untracked 
|  68|0x00000000e4400000, 0x00000000e4500000, 0x00000000e4500000|100%| O|  |TAMS 0x00000000e4400000| PB 0x00000000e4400000| Untracked 
|  69|0x00000000e4500000, 0x00000000e4600000, 0x00000000e4600000|100%| O|  |TAMS 0x00000000e4500000| PB 0x00000000e4500000| Untracked 
|  70|0x00000000e4600000, 0x00000000e4700000, 0x00000000e4700000|100%| O|  |TAMS 0x00000000e4600000| PB 0x00000000e4600000| Untracked 
|  71|0x00000000e4700000, 0x00000000e4800000, 0x00000000e4800000|100%| O|  |TAMS 0x00000000e4700000| PB 0x00000000e4700000| Untracked 
|  72|0x00000000e4800000, 0x00000000e4900000, 0x00000000e4900000|100%| O|  |TAMS 0x00000000e4800000| PB 0x00000000e4800000| Untracked 
|  73|0x00000000e4900000, 0x00000000e4a00000, 0x00000000e4a00000|100%| O|  |TAMS 0x00000000e4900000| PB 0x00000000e4900000| Untracked 
|  74|0x00000000e4a00000, 0x00000000e4b00000, 0x00000000e4b00000|100%| O|  |TAMS 0x00000000e4a00000| PB 0x00000000e4a00000| Untracked 
|  75|0x00000000e4b00000, 0x00000000e4c00000, 0x00000000e4c00000|100%| O|  |TAMS 0x00000000e4b00000| PB 0x00000000e4b00000| Untracked 
|  76|0x00000000e4c00000, 0x00000000e4d00000, 0x00000000e4d00000|100%| O|  |TAMS 0x00000000e4c00000| PB 0x00000000e4c00000| Untracked 
|  77|0x00000000e4d00000, 0x00000000e4e00000, 0x00000000e4e00000|100%| O|  |TAMS 0x00000000e4d00000| PB 0x00000000e4d00000| Untracked 
|  78|0x00000000e4e00000, 0x00000000e4f00000, 0x00000000e4f00000|100%| O|  |TAMS 0x00000000e4e00000| PB 0x00000000e4e00000| Untracked 
|  79|0x00000000e4f00000, 0x00000000e5000000, 0x00000000e5000000|100%|HS|  |TAMS 0x00000000e4f00000| PB 0x00000000e4f00000| Complete 
|  80|0x00000000e5000000, 0x00000000e5100000, 0x00000000e5100000|100%|HC|  |TAMS 0x00000000e5000000| PB 0x00000000e5000000| Complete 
|  81|0x00000000e5100000, 0x00000000e5200000, 0x00000000e5200000|100%|HS|  |TAMS 0x00000000e5100000| PB 0x00000000e5100000| Complete 
|  82|0x00000000e5200000, 0x00000000e5300000, 0x00000000e5300000|100%|HC|  |TAMS 0x00000000e5200000| PB 0x00000000e5200000| Complete 
|  83|0x00000000e5300000, 0x00000000e5400000, 0x00000000e5400000|100%| O|  |TAMS 0x00000000e5300000| PB 0x00000000e5300000| Untracked 
|  84|0x00000000e5400000, 0x00000000e5500000, 0x00000000e5500000|100%| O|  |TAMS 0x00000000e5400000| PB 0x00000000e5400000| Untracked 
|  85|0x00000000e5500000, 0x00000000e5600000, 0x00000000e5600000|100%| O|  |TAMS 0x00000000e5500000| PB 0x00000000e5500000| Untracked 
|  86|0x00000000e5600000, 0x00000000e5700000, 0x00000000e5700000|100%| O|  |TAMS 0x00000000e5600000| PB 0x00000000e5600000| Untracked 
|  87|0x00000000e5700000, 0x00000000e5800000, 0x00000000e5800000|100%| O|  |TAMS 0x00000000e5700000| PB 0x00000000e5700000| Untracked 
|  88|0x00000000e5800000, 0x00000000e5900000, 0x00000000e5900000|100%| O|  |TAMS 0x00000000e5800000| PB 0x00000000e5800000| Untracked 
|  89|0x00000000e5900000, 0x00000000e5a00000, 0x00000000e5a00000|100%| O|  |TAMS 0x00000000e5900000| PB 0x00000000e5900000| Untracked 
|  90|0x00000000e5a00000, 0x00000000e5b00000, 0x00000000e5b00000|100%| O|  |TAMS 0x00000000e5a00000| PB 0x00000000e5a00000| Untracked 
|  91|0x00000000e5b00000, 0x00000000e5c00000, 0x00000000e5c00000|100%| O|  |TAMS 0x00000000e5b00000| PB 0x00000000e5b00000| Untracked 
|  92|0x00000000e5c00000, 0x00000000e5d00000, 0x00000000e5d00000|100%|HS|  |TAMS 0x00000000e5c00000| PB 0x00000000e5c00000| Complete 
|  93|0x00000000e5d00000, 0x00000000e5e00000, 0x00000000e5e00000|100%| O|  |TAMS 0x00000000e5d00000| PB 0x00000000e5d00000| Untracked 
|  94|0x00000000e5e00000, 0x00000000e5f00000, 0x00000000e5f00000|100%| O|  |TAMS 0x00000000e5e00000| PB 0x00000000e5e00000| Untracked 
|  95|0x00000000e5f00000, 0x00000000e6000000, 0x00000000e6000000|100%| O|  |TAMS 0x00000000e5f00000| PB 0x00000000e5f00000| Untracked 
|  96|0x00000000e6000000, 0x00000000e6100000, 0x00000000e6100000|100%| O|  |TAMS 0x00000000e6000000| PB 0x00000000e6000000| Untracked 
|  97|0x00000000e6100000, 0x00000000e6200000, 0x00000000e6200000|100%| O|  |TAMS 0x00000000e6100000| PB 0x00000000e6100000| Untracked 
|  98|0x00000000e6200000, 0x00000000e6300000, 0x00000000e6300000|100%| O|  |TAMS 0x00000000e6200000| PB 0x00000000e6200000| Untracked 
|  99|0x00000000e6300000, 0x00000000e6400000, 0x00000000e6400000|100%| O|  |TAMS 0x00000000e6300000| PB 0x00000000e6300000| Untracked 
| 100|0x00000000e6400000, 0x00000000e6500000, 0x00000000e6500000|100%| O|  |TAMS 0x00000000e6400000| PB 0x00000000e6400000| Untracked 
| 101|0x00000000e6500000, 0x00000000e6600000, 0x00000000e6600000|100%| O|  |TAMS 0x00000000e6500000| PB 0x00000000e6500000| Untracked 
| 102|0x00000000e6600000, 0x00000000e6700000, 0x00000000e6700000|100%| O|  |TAMS 0x00000000e6600000| PB 0x00000000e6600000| Untracked 
| 103|0x00000000e6700000, 0x00000000e6800000, 0x00000000e6800000|100%| O|  |TAMS 0x00000000e6700000| PB 0x00000000e6700000| Untracked 
| 104|0x00000000e6800000, 0x00000000e6900000, 0x00000000e6900000|100%| O|  |TAMS 0x00000000e6800000| PB 0x00000000e6800000| Untracked 
| 105|0x00000000e6900000, 0x00000000e6a00000, 0x00000000e6a00000|100%| O|  |TAMS 0x00000000e6900000| PB 0x00000000e6900000| Untracked 
| 106|0x00000000e6a00000, 0x00000000e6b00000, 0x00000000e6b00000|100%| O|  |TAMS 0x00000000e6a00000| PB 0x00000000e6a00000| Untracked 
| 107|0x00000000e6b00000, 0x00000000e6c00000, 0x00000000e6c00000|100%| O|  |TAMS 0x00000000e6b00000| PB 0x00000000e6b00000| Untracked 
| 108|0x00000000e6c00000, 0x00000000e6d00000, 0x00000000e6d00000|100%| O|  |TAMS 0x00000000e6c00000| PB 0x00000000e6c00000| Untracked 
| 109|0x00000000e6d00000, 0x00000000e6e00000, 0x00000000e6e00000|100%| O|  |TAMS 0x00000000e6d00000| PB 0x00000000e6d00000| Untracked 
| 110|0x00000000e6e00000, 0x00000000e6f00000, 0x00000000e6f00000|100%| O|  |TAMS 0x00000000e6e00000| PB 0x00000000e6e00000| Untracked 
| 111|0x00000000e6f00000, 0x00000000e7000000, 0x00000000e7000000|100%| O|  |TAMS 0x00000000e6f00000| PB 0x00000000e6f00000| Untracked 
| 112|0x00000000e7000000, 0x00000000e7100000, 0x00000000e7100000|100%| O|  |TAMS 0x00000000e7000000| PB 0x00000000e7000000| Untracked 
| 113|0x00000000e7100000, 0x00000000e7200000, 0x00000000e7200000|100%| O|  |TAMS 0x00000000e7100000| PB 0x00000000e7100000| Untracked 
| 114|0x00000000e7200000, 0x00000000e7300000, 0x00000000e7300000|100%| O|  |TAMS 0x00000000e7200000| PB 0x00000000e7200000| Untracked 
| 115|0x00000000e7300000, 0x00000000e7400000, 0x00000000e7400000|100%| O|  |TAMS 0x00000000e7300000| PB 0x00000000e7300000| Untracked 
| 116|0x00000000e7400000, 0x00000000e7500000, 0x00000000e7500000|100%| O|  |TAMS 0x00000000e7400000| PB 0x00000000e7400000| Untracked 
| 117|0x00000000e7500000, 0x00000000e7500000, 0x00000000e7600000|  0%| F|  |TAMS 0x00000000e7500000| PB 0x00000000e7500000| Untracked 
| 118|0x00000000e7600000, 0x00000000e7700000, 0x00000000e7700000|100%| O|  |TAMS 0x00000000e7600000| PB 0x00000000e7600000| Untracked 
| 119|0x00000000e7700000, 0x00000000e7800000, 0x00000000e7800000|100%| O|  |TAMS 0x00000000e7700000| PB 0x00000000e7700000| Untracked 
| 120|0x00000000e7800000, 0x00000000e7900000, 0x00000000e7900000|100%| O|  |TAMS 0x00000000e7800000| PB 0x00000000e7800000| Untracked 
| 121|0x00000000e7900000, 0x00000000e7a00000, 0x00000000e7a00000|100%| O|  |TAMS 0x00000000e7900000| PB 0x00000000e7900000| Untracked 
| 122|0x00000000e7a00000, 0x00000000e7b00000, 0x00000000e7b00000|100%| O|  |TAMS 0x00000000e7a00000| PB 0x00000000e7a00000| Untracked 
| 123|0x00000000e7b00000, 0x00000000e7c00000, 0x00000000e7c00000|100%| O|  |TAMS 0x00000000e7b00000| PB 0x00000000e7b00000| Untracked 
| 124|0x00000000e7c00000, 0x00000000e7d00000, 0x00000000e7d00000|100%| O|  |TAMS 0x00000000e7c00000| PB 0x00000000e7c00000| Untracked 
| 125|0x00000000e7d00000, 0x00000000e7e00000, 0x00000000e7e00000|100%| O|  |TAMS 0x00000000e7d00000| PB 0x00000000e7d00000| Untracked 
| 126|0x00000000e7e00000, 0x00000000e7f00000, 0x00000000e7f00000|100%| O|  |TAMS 0x00000000e7e00000| PB 0x00000000e7e00000| Untracked 
| 127|0x00000000e7f00000, 0x00000000e8000000, 0x00000000e8000000|100%| O|  |TAMS 0x00000000e7f00000| PB 0x00000000e7f00000| Untracked 
| 128|0x00000000e8000000, 0x00000000e8100000, 0x00000000e8100000|100%| O|  |TAMS 0x00000000e8000000| PB 0x00000000e8000000| Untracked 
| 129|0x00000000e8100000, 0x00000000e8200000, 0x00000000e8200000|100%| O|  |TAMS 0x00000000e8100000| PB 0x00000000e8100000| Untracked 
| 130|0x00000000e8200000, 0x00000000e8300000, 0x00000000e8300000|100%| O|  |TAMS 0x00000000e8200000| PB 0x00000000e8200000| Untracked 
| 131|0x00000000e8300000, 0x00000000e8400000, 0x00000000e8400000|100%| O|  |TAMS 0x00000000e8300000| PB 0x00000000e8300000| Untracked 
| 132|0x00000000e8400000, 0x00000000e8500000, 0x00000000e8500000|100%| O|  |TAMS 0x00000000e8400000| PB 0x00000000e8400000| Untracked 
| 133|0x00000000e8500000, 0x00000000e8600000, 0x00000000e8600000|100%| O|  |TAMS 0x00000000e8500000| PB 0x00000000e8500000| Untracked 
| 134|0x00000000e8600000, 0x00000000e8700000, 0x00000000e8700000|100%| O|  |TAMS 0x00000000e8600000| PB 0x00000000e8600000| Untracked 
| 135|0x00000000e8700000, 0x00000000e8800000, 0x00000000e8800000|100%| O|  |TAMS 0x00000000e8700000| PB 0x00000000e8700000| Untracked 
| 136|0x00000000e8800000, 0x00000000e8900000, 0x00000000e8900000|100%| O|  |TAMS 0x00000000e8800000| PB 0x00000000e8800000| Untracked 
| 137|0x00000000e8900000, 0x00000000e8a00000, 0x00000000e8a00000|100%| O|  |TAMS 0x00000000e8900000| PB 0x00000000e8900000| Untracked 
| 138|0x00000000e8a00000, 0x00000000e8b00000, 0x00000000e8b00000|100%| O|  |TAMS 0x00000000e8a00000| PB 0x00000000e8a00000| Untracked 
| 139|0x00000000e8b00000, 0x00000000e8b00000, 0x00000000e8c00000|  0%| F|  |TAMS 0x00000000e8b00000| PB 0x00000000e8b00000| Untracked 
| 140|0x00000000e8c00000, 0x00000000e8c00000, 0x00000000e8d00000|  0%| F|  |TAMS 0x00000000e8c00000| PB 0x00000000e8c00000| Untracked 
| 141|0x00000000e8d00000, 0x00000000e8e00000, 0x00000000e8e00000|100%| O|  |TAMS 0x00000000e8d00000| PB 0x00000000e8d00000| Untracked 
| 142|0x00000000e8e00000, 0x00000000e8f00000, 0x00000000e8f00000|100%| O|  |TAMS 0x00000000e8e00000| PB 0x00000000e8e00000| Untracked 
| 143|0x00000000e8f00000, 0x00000000e9000000, 0x00000000e9000000|100%| O|  |TAMS 0x00000000e8f00000| PB 0x00000000e8f00000| Untracked 
| 144|0x00000000e9000000, 0x00000000e9100000, 0x00000000e9100000|100%| O|  |TAMS 0x00000000e9000000| PB 0x00000000e9000000| Untracked 
| 145|0x00000000e9100000, 0x00000000e9200000, 0x00000000e9200000|100%| O|  |TAMS 0x00000000e9100000| PB 0x00000000e9100000| Untracked 
| 146|0x00000000e9200000, 0x00000000e9300000, 0x00000000e9300000|100%| O|  |TAMS 0x00000000e9200000| PB 0x00000000e9200000| Untracked 
| 147|0x00000000e9300000, 0x00000000e9400000, 0x00000000e9400000|100%| O|  |TAMS 0x00000000e9300000| PB 0x00000000e9300000| Untracked 
| 148|0x00000000e9400000, 0x00000000e9500000, 0x00000000e9500000|100%| O|  |TAMS 0x00000000e9400000| PB 0x00000000e9400000| Untracked 
| 149|0x00000000e9500000, 0x00000000e9600000, 0x00000000e9600000|100%| O|  |TAMS 0x00000000e9500000| PB 0x00000000e9500000| Untracked 
| 150|0x00000000e9600000, 0x00000000e9700000, 0x00000000e9700000|100%| O|  |TAMS 0x00000000e9600000| PB 0x00000000e9600000| Untracked 
| 151|0x00000000e9700000, 0x00000000e9800000, 0x00000000e9800000|100%| O|  |TAMS 0x00000000e9700000| PB 0x00000000e9700000| Untracked 
| 152|0x00000000e9800000, 0x00000000e9900000, 0x00000000e9900000|100%| O|  |TAMS 0x00000000e9800000| PB 0x00000000e9800000| Untracked 
| 153|0x00000000e9900000, 0x00000000e9a00000, 0x00000000e9a00000|100%| O|  |TAMS 0x00000000e9900000| PB 0x00000000e9900000| Untracked 
| 154|0x00000000e9a00000, 0x00000000e9b00000, 0x00000000e9b00000|100%| O|  |TAMS 0x00000000e9a00000| PB 0x00000000e9a00000| Untracked 
| 155|0x00000000e9b00000, 0x00000000e9c00000, 0x00000000e9c00000|100%| O|  |TAMS 0x00000000e9b00000| PB 0x00000000e9b00000| Untracked 
| 156|0x00000000e9c00000, 0x00000000e9d00000, 0x00000000e9d00000|100%| O|  |TAMS 0x00000000e9c00000| PB 0x00000000e9c00000| Untracked 
| 157|0x00000000e9d00000, 0x00000000e9e00000, 0x00000000e9e00000|100%| O|  |TAMS 0x00000000e9d00000| PB 0x00000000e9d00000| Untracked 
| 158|0x00000000e9e00000, 0x00000000e9f00000, 0x00000000e9f00000|100%| O|  |TAMS 0x00000000e9e00000| PB 0x00000000e9e00000| Untracked 
| 159|0x00000000e9f00000, 0x00000000ea000000, 0x00000000ea000000|100%| O|  |TAMS 0x00000000e9f00000| PB 0x00000000e9f00000| Untracked 
| 160|0x00000000ea000000, 0x00000000ea100000, 0x00000000ea100000|100%| O|  |TAMS 0x00000000ea000000| PB 0x00000000ea000000| Untracked 
| 161|0x00000000ea100000, 0x00000000ea200000, 0x00000000ea200000|100%| O|  |TAMS 0x00000000ea100000| PB 0x00000000ea100000| Untracked 
| 162|0x00000000ea200000, 0x00000000ea300000, 0x00000000ea300000|100%| O|  |TAMS 0x00000000ea200000| PB 0x00000000ea200000| Untracked 
| 163|0x00000000ea300000, 0x00000000ea400000, 0x00000000ea400000|100%| O|  |TAMS 0x00000000ea300000| PB 0x00000000ea300000| Untracked 
| 164|0x00000000ea400000, 0x00000000ea500000, 0x00000000ea500000|100%| O|  |TAMS 0x00000000ea400000| PB 0x00000000ea400000| Untracked 
| 165|0x00000000ea500000, 0x00000000ea534cb0, 0x00000000ea600000| 20%| O|  |TAMS 0x00000000ea500000| PB 0x00000000ea500000| Untracked 
| 166|0x00000000ea600000, 0x00000000ea600000, 0x00000000ea700000|  0%| F|  |TAMS 0x00000000ea600000| PB 0x00000000ea600000| Untracked 
| 167|0x00000000ea700000, 0x00000000ea700000, 0x00000000ea800000|  0%| F|  |TAMS 0x00000000ea700000| PB 0x00000000ea700000| Untracked 
| 168|0x00000000ea800000, 0x00000000ea800000, 0x00000000ea900000|  0%| F|  |TAMS 0x00000000ea800000| PB 0x00000000ea800000| Untracked 
| 169|0x00000000ea900000, 0x00000000ea900000, 0x00000000eaa00000|  0%| F|  |TAMS 0x00000000ea900000| PB 0x00000000ea900000| Untracked 
| 170|0x00000000eaa00000, 0x00000000eaa00000, 0x00000000eab00000|  0%| F|  |TAMS 0x00000000eaa00000| PB 0x00000000eaa00000| Untracked 
| 171|0x00000000eab00000, 0x00000000eab00000, 0x00000000eac00000|  0%| F|  |TAMS 0x00000000eab00000| PB 0x00000000eab00000| Untracked 
| 172|0x00000000eac00000, 0x00000000eac00000, 0x00000000ead00000|  0%| F|  |TAMS 0x00000000eac00000| PB 0x00000000eac00000| Untracked 
| 173|0x00000000ead00000, 0x00000000ead00000, 0x00000000eae00000|  0%| F|  |TAMS 0x00000000ead00000| PB 0x00000000ead00000| Untracked 
| 174|0x00000000eae00000, 0x00000000eae00000, 0x00000000eaf00000|  0%| F|  |TAMS 0x00000000eae00000| PB 0x00000000eae00000| Untracked 
| 175|0x00000000eaf00000, 0x00000000eaf31c60, 0x00000000eb000000| 19%| S|CS|TAMS 0x00000000eaf00000| PB 0x00000000eaf00000| Complete 
| 176|0x00000000eb000000, 0x00000000eb100000, 0x00000000eb100000|100%| S|CS|TAMS 0x00000000eb000000| PB 0x00000000eb000000| Complete 
| 177|0x00000000eb100000, 0x00000000eb200000, 0x00000000eb200000|100%| S|CS|TAMS 0x00000000eb100000| PB 0x00000000eb100000| Complete 
| 178|0x00000000eb200000, 0x00000000eb300000, 0x00000000eb300000|100%| S|CS|TAMS 0x00000000eb200000| PB 0x00000000eb200000| Complete 
| 179|0x00000000eb300000, 0x00000000eb400000, 0x00000000eb400000|100%| S|CS|TAMS 0x00000000eb300000| PB 0x00000000eb300000| Complete 
| 180|0x00000000eb400000, 0x00000000eb400000, 0x00000000eb500000|  0%| F|  |TAMS 0x00000000eb400000| PB 0x00000000eb400000| Untracked 
| 181|0x00000000eb500000, 0x00000000eb500000, 0x00000000eb600000|  0%| F|  |TAMS 0x00000000eb500000| PB 0x00000000eb500000| Untracked 
| 182|0x00000000eb600000, 0x00000000eb600000, 0x00000000eb700000|  0%| F|  |TAMS 0x00000000eb600000| PB 0x00000000eb600000| Untracked 
| 183|0x00000000eb700000, 0x00000000eb700000, 0x00000000eb800000|  0%| F|  |TAMS 0x00000000eb700000| PB 0x00000000eb700000| Untracked 
| 184|0x00000000eb800000, 0x00000000eb800000, 0x00000000eb900000|  0%| F|  |TAMS 0x00000000eb800000| PB 0x00000000eb800000| Untracked 
| 185|0x00000000eb900000, 0x00000000eb900000, 0x00000000eba00000|  0%| F|  |TAMS 0x00000000eb900000| PB 0x00000000eb900000| Untracked 
| 186|0x00000000eba00000, 0x00000000eba00000, 0x00000000ebb00000|  0%| F|  |TAMS 0x00000000eba00000| PB 0x00000000eba00000| Untracked 
| 187|0x00000000ebb00000, 0x00000000ebb00000, 0x00000000ebc00000|  0%| F|  |TAMS 0x00000000ebb00000| PB 0x00000000ebb00000| Untracked 
| 188|0x00000000ebc00000, 0x00000000ebc00000, 0x00000000ebd00000|  0%| F|  |TAMS 0x00000000ebc00000| PB 0x00000000ebc00000| Untracked 
| 189|0x00000000ebd00000, 0x00000000ebd00000, 0x00000000ebe00000|  0%| F|  |TAMS 0x00000000ebd00000| PB 0x00000000ebd00000| Untracked 
| 190|0x00000000ebe00000, 0x00000000ebe00000, 0x00000000ebf00000|  0%| F|  |TAMS 0x00000000ebe00000| PB 0x00000000ebe00000| Untracked 
| 191|0x00000000ebf00000, 0x00000000ebf00000, 0x00000000ec000000|  0%| F|  |TAMS 0x00000000ebf00000| PB 0x00000000ebf00000| Untracked 
| 192|0x00000000ec000000, 0x00000000ec000000, 0x00000000ec100000|  0%| F|  |TAMS 0x00000000ec000000| PB 0x00000000ec000000| Untracked 
| 193|0x00000000ec100000, 0x00000000ec100000, 0x00000000ec200000|  0%| F|  |TAMS 0x00000000ec100000| PB 0x00000000ec100000| Untracked 
| 194|0x00000000ec200000, 0x00000000ec200000, 0x00000000ec300000|  0%| F|  |TAMS 0x00000000ec200000| PB 0x00000000ec200000| Untracked 
| 195|0x00000000ec300000, 0x00000000ec300000, 0x00000000ec400000|  0%| F|  |TAMS 0x00000000ec300000| PB 0x00000000ec300000| Untracked 
| 196|0x00000000ec400000, 0x00000000ec400000, 0x00000000ec500000|  0%| F|  |TAMS 0x00000000ec400000| PB 0x00000000ec400000| Untracked 
| 197|0x00000000ec500000, 0x00000000ec500000, 0x00000000ec600000|  0%| F|  |TAMS 0x00000000ec500000| PB 0x00000000ec500000| Untracked 
| 198|0x00000000ec600000, 0x00000000ec600000, 0x00000000ec700000|  0%| F|  |TAMS 0x00000000ec600000| PB 0x00000000ec600000| Untracked 
| 199|0x00000000ec700000, 0x00000000ec700000, 0x00000000ec800000|  0%| F|  |TAMS 0x00000000ec700000| PB 0x00000000ec700000| Untracked 
| 200|0x00000000ec800000, 0x00000000ec800000, 0x00000000ec900000|  0%| F|  |TAMS 0x00000000ec800000| PB 0x00000000ec800000| Untracked 
| 201|0x00000000ec900000, 0x00000000ec900000, 0x00000000eca00000|  0%| F|  |TAMS 0x00000000ec900000| PB 0x00000000ec900000| Untracked 
| 202|0x00000000eca00000, 0x00000000eca00000, 0x00000000ecb00000|  0%| F|  |TAMS 0x00000000eca00000| PB 0x00000000eca00000| Untracked 
| 203|0x00000000ecb00000, 0x00000000ecb00000, 0x00000000ecc00000|  0%| F|  |TAMS 0x00000000ecb00000| PB 0x00000000ecb00000| Untracked 
| 204|0x00000000ecc00000, 0x00000000ecc00000, 0x00000000ecd00000|  0%| F|  |TAMS 0x00000000ecc00000| PB 0x00000000ecc00000| Untracked 
| 205|0x00000000ecd00000, 0x00000000ecd00000, 0x00000000ece00000|  0%| F|  |TAMS 0x00000000ecd00000| PB 0x00000000ecd00000| Untracked 
| 206|0x00000000ece00000, 0x00000000ece00000, 0x00000000ecf00000|  0%| F|  |TAMS 0x00000000ece00000| PB 0x00000000ece00000| Untracked 
| 207|0x00000000ecf00000, 0x00000000ecf00000, 0x00000000ed000000|  0%| F|  |TAMS 0x00000000ecf00000| PB 0x00000000ecf00000| Untracked 
| 208|0x00000000ed000000, 0x00000000ed000000, 0x00000000ed100000|  0%| F|  |TAMS 0x00000000ed000000| PB 0x00000000ed000000| Untracked 
| 209|0x00000000ed100000, 0x00000000ed100000, 0x00000000ed200000|  0%| F|  |TAMS 0x00000000ed100000| PB 0x00000000ed100000| Untracked 
| 210|0x00000000ed200000, 0x00000000ed200000, 0x00000000ed300000|  0%| F|  |TAMS 0x00000000ed200000| PB 0x00000000ed200000| Untracked 
| 211|0x00000000ed300000, 0x00000000ed300000, 0x00000000ed400000|  0%| F|  |TAMS 0x00000000ed300000| PB 0x00000000ed300000| Untracked 
| 212|0x00000000ed400000, 0x00000000ed400000, 0x00000000ed500000|  0%| F|  |TAMS 0x00000000ed400000| PB 0x00000000ed400000| Untracked 
| 213|0x00000000ed500000, 0x00000000ed500000, 0x00000000ed600000|  0%| F|  |TAMS 0x00000000ed500000| PB 0x00000000ed500000| Untracked 
| 214|0x00000000ed600000, 0x00000000ed600000, 0x00000000ed700000|  0%| F|  |TAMS 0x00000000ed600000| PB 0x00000000ed600000| Untracked 
| 215|0x00000000ed700000, 0x00000000ed700000, 0x00000000ed800000|  0%| F|  |TAMS 0x00000000ed700000| PB 0x00000000ed700000| Untracked 
| 216|0x00000000ed800000, 0x00000000ed800000, 0x00000000ed900000|  0%| F|  |TAMS 0x00000000ed800000| PB 0x00000000ed800000| Untracked 
| 217|0x00000000ed900000, 0x00000000ed900000, 0x00000000eda00000|  0%| F|  |TAMS 0x00000000ed900000| PB 0x00000000ed900000| Untracked 
| 218|0x00000000eda00000, 0x00000000eda00000, 0x00000000edb00000|  0%| F|  |TAMS 0x00000000eda00000| PB 0x00000000eda00000| Untracked 
| 219|0x00000000edb00000, 0x00000000edb00000, 0x00000000edc00000|  0%| F|  |TAMS 0x00000000edb00000| PB 0x00000000edb00000| Untracked 
| 220|0x00000000edc00000, 0x00000000edc00000, 0x00000000edd00000|  0%| F|  |TAMS 0x00000000edc00000| PB 0x00000000edc00000| Untracked 
| 221|0x00000000edd00000, 0x00000000edd00000, 0x00000000ede00000|  0%| F|  |TAMS 0x00000000edd00000| PB 0x00000000edd00000| Untracked 
| 222|0x00000000ede00000, 0x00000000ede00000, 0x00000000edf00000|  0%| F|  |TAMS 0x00000000ede00000| PB 0x00000000ede00000| Untracked 
| 223|0x00000000edf00000, 0x00000000edf00000, 0x00000000ee000000|  0%| F|  |TAMS 0x00000000edf00000| PB 0x00000000edf00000| Untracked 
| 224|0x00000000ee000000, 0x00000000ee000000, 0x00000000ee100000|  0%| F|  |TAMS 0x00000000ee000000| PB 0x00000000ee000000| Untracked 
| 225|0x00000000ee100000, 0x00000000ee100000, 0x00000000ee200000|  0%| F|  |TAMS 0x00000000ee100000| PB 0x00000000ee100000| Untracked 
| 226|0x00000000ee200000, 0x00000000ee200000, 0x00000000ee300000|  0%| F|  |TAMS 0x00000000ee200000| PB 0x00000000ee200000| Untracked 
| 227|0x00000000ee300000, 0x00000000ee300000, 0x00000000ee400000|  0%| F|  |TAMS 0x00000000ee300000| PB 0x00000000ee300000| Untracked 
| 228|0x00000000ee400000, 0x00000000ee400000, 0x00000000ee500000|  0%| F|  |TAMS 0x00000000ee400000| PB 0x00000000ee400000| Untracked 
| 229|0x00000000ee500000, 0x00000000ee500000, 0x00000000ee600000|  0%| F|  |TAMS 0x00000000ee500000| PB 0x00000000ee500000| Untracked 
| 230|0x00000000ee600000, 0x00000000ee600000, 0x00000000ee700000|  0%| F|  |TAMS 0x00000000ee600000| PB 0x00000000ee600000| Untracked 
| 231|0x00000000ee700000, 0x00000000ee700000, 0x00000000ee800000|  0%| F|  |TAMS 0x00000000ee700000| PB 0x00000000ee700000| Untracked 
| 232|0x00000000ee800000, 0x00000000ee800000, 0x00000000ee900000|  0%| F|  |TAMS 0x00000000ee800000| PB 0x00000000ee800000| Untracked 
| 233|0x00000000ee900000, 0x00000000ee900000, 0x00000000eea00000|  0%| F|  |TAMS 0x00000000ee900000| PB 0x00000000ee900000| Untracked 
| 234|0x00000000eea00000, 0x00000000eea00000, 0x00000000eeb00000|  0%| F|  |TAMS 0x00000000eea00000| PB 0x00000000eea00000| Untracked 
| 235|0x00000000eeb00000, 0x00000000eeb00000, 0x00000000eec00000|  0%| F|  |TAMS 0x00000000eeb00000| PB 0x00000000eeb00000| Untracked 
| 236|0x00000000eec00000, 0x00000000eec00000, 0x00000000eed00000|  0%| F|  |TAMS 0x00000000eec00000| PB 0x00000000eec00000| Untracked 
| 237|0x00000000eed00000, 0x00000000eed00000, 0x00000000eee00000|  0%| F|  |TAMS 0x00000000eed00000| PB 0x00000000eed00000| Untracked 
| 238|0x00000000eee00000, 0x00000000eee00000, 0x00000000eef00000|  0%| F|  |TAMS 0x00000000eee00000| PB 0x00000000eee00000| Untracked 
| 239|0x00000000eef00000, 0x00000000eef00000, 0x00000000ef000000|  0%| F|  |TAMS 0x00000000eef00000| PB 0x00000000eef00000| Untracked 
| 240|0x00000000ef000000, 0x00000000ef000000, 0x00000000ef100000|  0%| F|  |TAMS 0x00000000ef000000| PB 0x00000000ef000000| Untracked 
| 241|0x00000000ef100000, 0x00000000ef100000, 0x00000000ef200000|  0%| F|  |TAMS 0x00000000ef100000| PB 0x00000000ef100000| Untracked 
| 242|0x00000000ef200000, 0x00000000ef200000, 0x00000000ef300000|  0%| F|  |TAMS 0x00000000ef200000| PB 0x00000000ef200000| Untracked 
| 243|0x00000000ef300000, 0x00000000ef300000, 0x00000000ef400000|  0%| F|  |TAMS 0x00000000ef300000| PB 0x00000000ef300000| Untracked 
| 244|0x00000000ef400000, 0x00000000ef400000, 0x00000000ef500000|  0%| F|  |TAMS 0x00000000ef400000| PB 0x00000000ef400000| Untracked 
| 245|0x00000000ef500000, 0x00000000ef500000, 0x00000000ef600000|  0%| F|  |TAMS 0x00000000ef500000| PB 0x00000000ef500000| Untracked 
| 246|0x00000000ef600000, 0x00000000ef600000, 0x00000000ef700000|  0%| F|  |TAMS 0x00000000ef600000| PB 0x00000000ef600000| Untracked 
| 247|0x00000000ef700000, 0x00000000ef700000, 0x00000000ef800000|  0%| F|  |TAMS 0x00000000ef700000| PB 0x00000000ef700000| Untracked 
| 248|0x00000000ef800000, 0x00000000ef800000, 0x00000000ef900000|  0%| F|  |TAMS 0x00000000ef800000| PB 0x00000000ef800000| Untracked 
| 249|0x00000000ef900000, 0x00000000ef900000, 0x00000000efa00000|  0%| F|  |TAMS 0x00000000ef900000| PB 0x00000000ef900000| Untracked 
| 250|0x00000000efa00000, 0x00000000efa00000, 0x00000000efb00000|  0%| F|  |TAMS 0x00000000efa00000| PB 0x00000000efa00000| Untracked 
| 251|0x00000000efb00000, 0x00000000efb00000, 0x00000000efc00000|  0%| F|  |TAMS 0x00000000efb00000| PB 0x00000000efb00000| Untracked 
| 252|0x00000000efc00000, 0x00000000efc00000, 0x00000000efd00000|  0%| F|  |TAMS 0x00000000efc00000| PB 0x00000000efc00000| Untracked 
| 253|0x00000000efd00000, 0x00000000efd00000, 0x00000000efe00000|  0%| F|  |TAMS 0x00000000efd00000| PB 0x00000000efd00000| Untracked 
| 254|0x00000000efe00000, 0x00000000efe00000, 0x00000000eff00000|  0%| F|  |TAMS 0x00000000efe00000| PB 0x00000000efe00000| Untracked 
| 255|0x00000000eff00000, 0x00000000eff00000, 0x00000000f0000000|  0%| F|  |TAMS 0x00000000eff00000| PB 0x00000000eff00000| Untracked 
| 256|0x00000000f0000000, 0x00000000f0100000, 0x00000000f0100000|100%|HS|  |TAMS 0x00000000f0000000| PB 0x00000000f0000000| Complete 
| 257|0x00000000f0100000, 0x00000000f0200000, 0x00000000f0200000|100%|HC|  |TAMS 0x00000000f0100000| PB 0x00000000f0100000| Complete 
| 258|0x00000000f0200000, 0x00000000f0300000, 0x00000000f0300000|100%|HC|  |TAMS 0x00000000f0200000| PB 0x00000000f0200000| Complete 
| 259|0x00000000f0300000, 0x00000000f0400000, 0x00000000f0400000|100%|HC|  |TAMS 0x00000000f0300000| PB 0x00000000f0300000| Complete 
| 260|0x00000000f0400000, 0x00000000f0500000, 0x00000000f0500000|100%|HC|  |TAMS 0x00000000f0400000| PB 0x00000000f0400000| Complete 
| 261|0x00000000f0500000, 0x00000000f0600000, 0x00000000f0600000|100%|HC|  |TAMS 0x00000000f0500000| PB 0x00000000f0500000| Complete 
| 262|0x00000000f0600000, 0x00000000f0700000, 0x00000000f0700000|100%|HC|  |TAMS 0x00000000f0600000| PB 0x00000000f0600000| Complete 
| 263|0x00000000f0700000, 0x00000000f0800000, 0x00000000f0800000|100%|HC|  |TAMS 0x00000000f0700000| PB 0x00000000f0700000| Complete 
| 264|0x00000000f0800000, 0x00000000f0900000, 0x00000000f0900000|100%|HC|  |TAMS 0x00000000f0800000| PB 0x00000000f0800000| Complete 
| 265|0x00000000f0900000, 0x00000000f0a00000, 0x00000000f0a00000|100%|HC|  |TAMS 0x00000000f0900000| PB 0x00000000f0900000| Complete 
| 266|0x00000000f0a00000, 0x00000000f0b00000, 0x00000000f0b00000|100%|HC|  |TAMS 0x00000000f0a00000| PB 0x00000000f0a00000| Complete 
| 267|0x00000000f0b00000, 0x00000000f0c00000, 0x00000000f0c00000|100%|HC|  |TAMS 0x00000000f0b00000| PB 0x00000000f0b00000| Complete 
| 268|0x00000000f0c00000, 0x00000000f0d00000, 0x00000000f0d00000|100%|HC|  |TAMS 0x00000000f0c00000| PB 0x00000000f0c00000| Complete 
| 269|0x00000000f0d00000, 0x00000000f0e00000, 0x00000000f0e00000|100%|HC|  |TAMS 0x00000000f0d00000| PB 0x00000000f0d00000| Complete 
| 270|0x00000000f0e00000, 0x00000000f0f00000, 0x00000000f0f00000|100%|HC|  |TAMS 0x00000000f0e00000| PB 0x00000000f0e00000| Complete 
| 271|0x00000000f0f00000, 0x00000000f1000000, 0x00000000f1000000|100%|HC|  |TAMS 0x00000000f0f00000| PB 0x00000000f0f00000| Complete 
| 272|0x00000000f1000000, 0x00000000f1100000, 0x00000000f1100000|100%|HC|  |TAMS 0x00000000f1000000| PB 0x00000000f1000000| Complete 
| 273|0x00000000f1100000, 0x00000000f1200000, 0x00000000f1200000|100%|HC|  |TAMS 0x00000000f1100000| PB 0x00000000f1100000| Complete 
| 274|0x00000000f1200000, 0x00000000f1300000, 0x00000000f1300000|100%|HC|  |TAMS 0x00000000f1200000| PB 0x00000000f1200000| Complete 
| 275|0x00000000f1300000, 0x00000000f1400000, 0x00000000f1400000|100%|HC|  |TAMS 0x00000000f1300000| PB 0x00000000f1300000| Complete 
| 276|0x00000000f1400000, 0x00000000f1400000, 0x00000000f1500000|  0%| F|  |TAMS 0x00000000f1400000| PB 0x00000000f1400000| Untracked 
| 277|0x00000000f1500000, 0x00000000f1500000, 0x00000000f1600000|  0%| F|  |TAMS 0x00000000f1500000| PB 0x00000000f1500000| Untracked 
| 278|0x00000000f1600000, 0x00000000f1600000, 0x00000000f1700000|  0%| F|  |TAMS 0x00000000f1600000| PB 0x00000000f1600000| Untracked 
| 279|0x00000000f1700000, 0x00000000f1700000, 0x00000000f1800000|  0%| F|  |TAMS 0x00000000f1700000| PB 0x00000000f1700000| Untracked 
| 280|0x00000000f1800000, 0x00000000f1800000, 0x00000000f1900000|  0%| F|  |TAMS 0x00000000f1800000| PB 0x00000000f1800000| Untracked 
| 281|0x00000000f1900000, 0x00000000f1900000, 0x00000000f1a00000|  0%| F|  |TAMS 0x00000000f1900000| PB 0x00000000f1900000| Untracked 
| 282|0x00000000f1a00000, 0x00000000f1a00000, 0x00000000f1b00000|  0%| F|  |TAMS 0x00000000f1a00000| PB 0x00000000f1a00000| Untracked 
| 283|0x00000000f1b00000, 0x00000000f1b00000, 0x00000000f1c00000|  0%| F|  |TAMS 0x00000000f1b00000| PB 0x00000000f1b00000| Untracked 
| 284|0x00000000f1c00000, 0x00000000f1c00000, 0x00000000f1d00000|  0%| F|  |TAMS 0x00000000f1c00000| PB 0x00000000f1c00000| Untracked 
| 285|0x00000000f1d00000, 0x00000000f1d00000, 0x00000000f1e00000|  0%| F|  |TAMS 0x00000000f1d00000| PB 0x00000000f1d00000| Untracked 
| 286|0x00000000f1e00000, 0x00000000f1e00000, 0x00000000f1f00000|  0%| F|  |TAMS 0x00000000f1e00000| PB 0x00000000f1e00000| Untracked 
| 287|0x00000000f1f00000, 0x00000000f1f00000, 0x00000000f2000000|  0%| F|  |TAMS 0x00000000f1f00000| PB 0x00000000f1f00000| Untracked 
| 288|0x00000000f2000000, 0x00000000f2000000, 0x00000000f2100000|  0%| F|  |TAMS 0x00000000f2000000| PB 0x00000000f2000000| Untracked 
| 289|0x00000000f2100000, 0x00000000f2100000, 0x00000000f2200000|  0%| F|  |TAMS 0x00000000f2100000| PB 0x00000000f2100000| Untracked 
| 290|0x00000000f2200000, 0x00000000f2200000, 0x00000000f2300000|  0%| F|  |TAMS 0x00000000f2200000| PB 0x00000000f2200000| Untracked 
| 291|0x00000000f2300000, 0x00000000f232d4d8, 0x00000000f2400000| 17%| E|  |TAMS 0x00000000f2300000| PB 0x00000000f2300000| Complete 
| 292|0x00000000f2400000, 0x00000000f2500000, 0x00000000f2500000|100%| E|CS|TAMS 0x00000000f2400000| PB 0x00000000f2400000| Complete 
| 293|0x00000000f2500000, 0x00000000f2600000, 0x00000000f2600000|100%| E|CS|TAMS 0x00000000f2500000| PB 0x00000000f2500000| Complete 
| 294|0x00000000f2600000, 0x00000000f2700000, 0x00000000f2700000|100%| E|CS|TAMS 0x00000000f2600000| PB 0x00000000f2600000| Complete 
| 295|0x00000000f2700000, 0x00000000f2800000, 0x00000000f2800000|100%| E|CS|TAMS 0x00000000f2700000| PB 0x00000000f2700000| Complete 
| 296|0x00000000f2800000, 0x00000000f2900000, 0x00000000f2900000|100%| E|  |TAMS 0x00000000f2800000| PB 0x00000000f2800000| Complete 

Card table byte_map: [0x00000242f3580000,0x00000242f3680000] _byte_map_base: 0x00000242f2e80000

Marking Bits: (CMBitMap*) 0x00000242ea2b7250
 Bits: [0x00000242f3680000, 0x00000242f3e80000)

Polling page: 0x00000242e8910000

Metaspace:

Usage:
  Non-class:    105.05 MB used.
      Class:     16.46 MB used.
       Both:    121.51 MB used.

Virtual space:
  Non-class space:      128.00 MB reserved,     106.50 MB ( 83%) committed,  2 nodes.
      Class space:      320.00 MB reserved,      18.00 MB (  6%) committed,  1 nodes.
             Both:      448.00 MB reserved,     124.50 MB ( 28%) committed. 

Chunk freelists:
   Non-Class:  5.11 MB
       Class:  13.89 MB
        Both:  19.00 MB

MaxMetaspaceSize: 384.00 MB
CompressedClassSpaceSize: 320.00 MB
Initial GC threshold: 21.00 MB
Current GC threshold: 196.88 MB
CDS: on
 - commit_granule_bytes: 65536.
 - commit_granule_words: 8192.
 - virtual_space_node_default_size: 8388608.
 - enlarge_chunks_in_place: 1.
 - use_allocation_guard: 0.


Internal statistics:

num_allocs_failed_limit: 12.
num_arena_births: 5574.
num_arena_deaths: 4.
num_vsnodes_births: 3.
num_vsnodes_deaths: 0.
num_space_committed: 1992.
num_space_uncommitted: 0.
num_chunks_returned_to_freelist: 23.
num_chunks_taken_from_freelist: 11889.
num_chunk_merges: 12.
num_chunk_splits: 7593.
num_chunks_enlarged: 4528.
num_inconsistent_stats: 0.

CodeHeap 'non-profiled nmethods': size=120000Kb used=10852Kb max_used=10852Kb free=109147Kb
 bounds [0x0000024287ad0000, 0x0000024288570000, 0x000002428f000000]
CodeHeap 'profiled nmethods': size=120000Kb used=31145Kb max_used=31145Kb free=88854Kb
 bounds [0x0000024280000000, 0x0000024281e70000, 0x0000024287530000]
CodeHeap 'non-nmethods': size=5760Kb used=2203Kb max_used=2263Kb free=3556Kb
 bounds [0x0000024287530000, 0x00000242877a0000, 0x0000024287ad0000]
 total_blobs=16646 nmethods=15740 adapters=808
 compilation: enabled
              stopped_count=0, restarted_count=0
 full_count=0

Compilation events (20 events):
Event: 52.894 Thread 0x00000242fb030c50 nmethod 18252 0x0000024281e3d090 code [0x0000024281e3d260, 0x0000024281e3d610]
Event: 52.894 Thread 0x00000242fb030c50 18242       3       java.util.Calendar::setWeekCountData (61 bytes)
Event: 52.895 Thread 0x00000242fb030c50 nmethod 18242 0x0000024281e3d790 code [0x0000024281e3d9a0, 0x0000024281e3de68]
Event: 52.895 Thread 0x00000242fb030c50 18243       3       java.util.Calendar$Builder::isInstantSet (14 bytes)
Event: 52.895 Thread 0x00000242fb030c50 nmethod 18243 0x0000024281e3e090 code [0x0000024281e3e220, 0x0000024281e3e388]
Event: 52.895 Thread 0x00000242fb030c50 18244       3       java.util.Calendar::getTime (12 bytes)
Event: 52.895 Thread 0x00000242fb030c50 nmethod 18244 0x0000024281e3e410 code [0x0000024281e3e5e0, 0x0000024281e3e9d0]
Event: 52.895 Thread 0x00000242fb030c50 18245       3       java.util.Calendar::getTimeInMillis (16 bytes)
Event: 52.895 Thread 0x00000242fb030c50 nmethod 18245 0x0000024281e3eb90 code [0x0000024281e3ed40, 0x0000024281e3ef30]
Event: 52.895 Thread 0x00000242fb030c50 18246       3       java.util.Calendar::selectFields (674 bytes)
Event: 52.896 Thread 0x00000242fb030c50 nmethod 18246 0x0000024281e3f010 code [0x0000024281e3f2a0, 0x0000024281e405c8]
Event: 52.896 Thread 0x00000242fb030c50 18247       3       java.util.GregorianCalendar::getFixedDate (510 bytes)
Event: 52.897 Thread 0x00000242fb030c50 nmethod 18247 0x0000024281e40a10 code [0x0000024281e40dc0, 0x0000024281e42b40]
Event: 52.897 Thread 0x00000242fb030c50 18248       3       sun.util.calendar.ZoneInfo::getOffsetsByWall (8 bytes)
Event: 52.897 Thread 0x00000242fb030c50 nmethod 18248 0x0000024281e43590 code [0x0000024281e43740, 0x0000024281e43880]
Event: 52.897 Thread 0x00000242fb030c50 18249       3       java.util.Calendar::setFieldsNormalized (66 bytes)
Event: 52.897 Thread 0x00000242fb030c50 nmethod 18249 0x0000024281e43910 code [0x0000024281e43ac0, 0x0000024281e43d60]
Event: 52.897 Thread 0x00000242fb030c50 18253   !   3       org.apache.commons.compress.archivers.zip.ZipFile::readCentralDirectoryEntry (641 bytes)
Event: 52.899 Thread 0x00000242fb030c50 nmethod 18253 0x0000024281e43f10 code [0x0000024281e44660, 0x0000024281e48828]
Event: 52.899 Thread 0x00000242fb030c50 18266       3       java.util.Collections$3::hasMoreElements (10 bytes)

GC Heap History (20 events):
Event: 8.922 GC heap before
{Heap before GC invocations=15 (full 0):
 garbage-first heap   total 262144K, used 230193K [0x00000000e0000000, 0x0000000100000000)
  region size 1024K, 142 young (145408K), 17 survivors (17408K)
 Metaspace       used 79844K, committed 82240K, reserved 458752K
  class space    used 11286K, committed 12480K, reserved 327680K
}
Event: 8.935 GC heap after
{Heap after GC invocations=16 (full 0):
 garbage-first heap   total 262144K, used 108333K [0x00000000e0000000, 0x0000000100000000)
  region size 1024K, 8 young (8192K), 8 survivors (8192K)
 Metaspace       used 79844K, committed 82240K, reserved 458752K
  class space    used 11286K, committed 12480K, reserved 327680K
}
Event: 9.853 GC heap before
{Heap before GC invocations=16 (full 0):
 garbage-first heap   total 262144K, used 237357K [0x00000000e0000000, 0x0000000100000000)
  region size 1024K, 134 young (137216K), 8 survivors (8192K)
 Metaspace       used 88974K, committed 91584K, reserved 458752K
  class space    used 12584K, committed 13888K, reserved 327680K
}
Event: 9.862 GC heap after
{Heap after GC invocations=17 (full 0):
 garbage-first heap   total 262144K, used 115348K [0x00000000e0000000, 0x0000000100000000)
  region size 1024K, 15 young (15360K), 15 survivors (15360K)
 Metaspace       used 88974K, committed 91584K, reserved 458752K
  class space    used 12584K, committed 13888K, reserved 327680K
}
Event: 9.904 GC heap before
{Heap before GC invocations=17 (full 0):
 garbage-first heap   total 262144K, used 119444K [0x00000000e0000000, 0x0000000100000000)
  region size 1024K, 20 young (20480K), 15 survivors (15360K)
 Metaspace       used 89431K, committed 92032K, reserved 458752K
  class space    used 12654K, committed 13952K, reserved 327680K
}
Event: 9.912 GC heap after
{Heap after GC invocations=18 (full 0):
 garbage-first heap   total 262144K, used 116314K [0x00000000e0000000, 0x0000000100000000)
  region size 1024K, 9 young (9216K), 9 survivors (9216K)
 Metaspace       used 89431K, committed 92032K, reserved 458752K
  class space    used 12654K, committed 13952K, reserved 327680K
}
Event: 10.952 GC heap before
{Heap before GC invocations=19 (full 0):
 garbage-first heap   total 282624K, used 258650K [0x00000000e0000000, 0x0000000100000000)
  region size 1024K, 128 young (131072K), 9 survivors (9216K)
 Metaspace       used 97709K, committed 100288K, reserved 458752K
  class space    used 13843K, committed 15168K, reserved 327680K
}
Event: 10.958 GC heap after
{Heap after GC invocations=20 (full 0):
 garbage-first heap   total 282624K, used 143422K [0x00000000e0000000, 0x0000000100000000)
  region size 1024K, 15 young (15360K), 15 survivors (15360K)
 Metaspace       used 97709K, committed 100288K, reserved 458752K
  class space    used 13843K, committed 15168K, reserved 327680K
}
Event: 12.827 GC heap before
{Heap before GC invocations=20 (full 0):
 garbage-first heap   total 282624K, used 249918K [0x00000000e0000000, 0x0000000100000000)
  region size 1024K, 120 young (122880K), 15 survivors (15360K)
 Metaspace       used 100569K, committed 103232K, reserved 458752K
  class space    used 14271K, committed 15616K, reserved 327680K
}
Event: 12.839 GC heap after
{Heap after GC invocations=21 (full 0):
 garbage-first heap   total 282624K, used 150136K [0x00000000e0000000, 0x0000000100000000)
  region size 1024K, 14 young (14336K), 14 survivors (14336K)
 Metaspace       used 100569K, committed 103232K, reserved 458752K
  class space    used 14271K, committed 15616K, reserved 327680K
}
Event: 17.247 GC heap before
{Heap before GC invocations=21 (full 0):
 garbage-first heap   total 282624K, used 250488K [0x00000000e0000000, 0x0000000100000000)
  region size 1024K, 113 young (115712K), 14 survivors (14336K)
 Metaspace       used 103702K, committed 106368K, reserved 458752K
  class space    used 14572K, committed 15936K, reserved 327680K
}
Event: 17.257 GC heap after
{Heap after GC invocations=22 (full 0):
 garbage-first heap   total 282624K, used 157029K [0x00000000e0000000, 0x0000000100000000)
  region size 1024K, 14 young (14336K), 14 survivors (14336K)
 Metaspace       used 103702K, committed 106368K, reserved 458752K
  class space    used 14572K, committed 15936K, reserved 327680K
}
Event: 18.465 GC heap before
{Heap before GC invocations=23 (full 0):
 garbage-first heap   total 282624K, used 252261K [0x00000000e0000000, 0x0000000100000000)
  region size 1024K, 106 young (108544K), 14 survivors (14336K)
 Metaspace       used 111743K, committed 114432K, reserved 458752K
  class space    used 15322K, committed 16704K, reserved 327680K
}
Event: 18.475 GC heap after
{Heap after GC invocations=24 (full 0):
 garbage-first heap   total 282624K, used 164058K [0x00000000e0000000, 0x0000000100000000)
  region size 1024K, 14 young (14336K), 14 survivors (14336K)
 Metaspace       used 111743K, committed 114432K, reserved 458752K
  class space    used 15322K, committed 16704K, reserved 327680K
}
Event: 32.517 GC heap before
{Heap before GC invocations=24 (full 0):
 garbage-first heap   total 282624K, used 251098K [0x00000000e0000000, 0x0000000100000000)
  region size 1024K, 100 young (102400K), 14 survivors (14336K)
 Metaspace       used 116586K, committed 119424K, reserved 458752K
  class space    used 15910K, committed 17344K, reserved 327680K
}
Event: 32.532 GC heap after
{Heap after GC invocations=25 (full 0):
 garbage-first heap   total 282624K, used 172166K [0x00000000e0000000, 0x0000000100000000)
  region size 1024K, 9 young (9216K), 9 survivors (9216K)
 Metaspace       used 116586K, committed 119424K, reserved 458752K
  class space    used 15910K, committed 17344K, reserved 327680K
}
Event: 44.170 GC heap before
{Heap before GC invocations=25 (full 0):
 garbage-first heap   total 282624K, used 257158K [0x00000000e0000000, 0x0000000100000000)
  region size 1024K, 92 young (94208K), 9 survivors (9216K)
 Metaspace       used 117958K, committed 120960K, reserved 458752K
  class space    used 16061K, committed 17536K, reserved 327680K
}
Event: 44.179 GC heap after
{Heap after GC invocations=26 (full 0):
 garbage-first heap   total 282624K, used 177735K [0x00000000e0000000, 0x0000000100000000)
  region size 1024K, 6 young (6144K), 6 survivors (6144K)
 Metaspace       used 117958K, committed 120960K, reserved 458752K
  class space    used 16061K, committed 17536K, reserved 327680K
}
Event: 46.056 GC heap before
{Heap before GC invocations=27 (full 0):
 garbage-first heap   total 304128K, used 259655K [0x00000000e0000000, 0x0000000100000000)
  region size 1024K, 86 young (88064K), 6 survivors (6144K)
 Metaspace       used 122023K, committed 125120K, reserved 458752K
  class space    used 16487K, committed 18048K, reserved 327680K
}
Event: 46.068 GC heap after
{Heap after GC invocations=28 (full 0):
 garbage-first heap   total 304128K, used 188081K [0x00000000e0000000, 0x0000000100000000)
  region size 1024K, 11 young (11264K), 11 survivors (11264K)
 Metaspace       used 122023K, committed 125120K, reserved 458752K
  class space    used 16487K, committed 18048K, reserved 327680K
}

Dll operation events (15 events):
Event: 0.007 Loaded shared library D:\Java\jdk-21\bin\java.dll
Event: 0.033 Loaded shared library D:\Java\jdk-21\bin\jsvml.dll
Event: 0.062 Loaded shared library D:\Java\jdk-21\bin\zip.dll
Event: 0.066 Loaded shared library D:\Java\jdk-21\bin\instrument.dll
Event: 0.069 Loaded shared library D:\Java\jdk-21\bin\net.dll
Event: 0.071 Loaded shared library D:\Java\jdk-21\bin\nio.dll
Event: 0.073 Loaded shared library D:\Java\jdk-21\bin\zip.dll
Event: 0.167 Loaded shared library D:\Java\jdk-21\bin\jimage.dll
Event: 0.309 Loaded shared library D:\Java\jdk-21\bin\verify.dll
Event: 0.331 Loaded shared library D:\.gradle\native\660c5614fbf4a5f2a75b1949f50a0caf5cd603558e7d8a26e50b933a0cfb79d1\windows-amd64\native-platform.dll
Event: 0.342 Loaded shared library D:\.gradle\native\0.2.8\x86_64-windows-gnu\gradle-fileevents.dll
Event: 0.852 Loaded shared library D:\Java\jdk-21\bin\management.dll
Event: 0.854 Loaded shared library D:\Java\jdk-21\bin\management_ext.dll
Event: 0.941 Loaded shared library D:\Java\jdk-21\bin\extnet.dll
Event: 1.073 Loaded shared library D:\Java\jdk-21\bin\sunmscapi.dll

Deoptimization events (20 events):
Event: 51.297 Thread 0x00000242fcfaad40 DEOPT PACKING pc=0x0000024288531ad4 sp=0x0000004b394fecf0
Event: 51.297 Thread 0x00000242fcfaad40 DEOPT UNPACKING pc=0x00000242875846a2 sp=0x0000004b394fecc0 mode 2
Event: 51.537 Thread 0x00000242fd610b70 Uncommon trap: trap_request=0xffffff45 fr.pc=0x0000024287e76694 relative=0x0000000000000274
Event: 51.537 Thread 0x00000242fd610b70 Uncommon trap: reason=unstable_if action=reinterpret pc=0x0000024287e76694 method=java.lang.CharacterDataLatin1.equalsIgnoreCase(BB)Z @ 24 c2
Event: 51.537 Thread 0x00000242fd610b70 DEOPT PACKING pc=0x0000024287e76694 sp=0x0000004b3bafb8c0
Event: 51.537 Thread 0x00000242fd610b70 DEOPT UNPACKING pc=0x00000242875846a2 sp=0x0000004b3bafb7c8 mode 2
Event: 51.541 Thread 0x00000242fd610b70 Uncommon trap: trap_request=0xffffff45 fr.pc=0x0000024287c33b0c relative=0x000000000000006c
Event: 51.541 Thread 0x00000242fd610b70 Uncommon trap: reason=unstable_if action=reinterpret pc=0x0000024287c33b0c method=java.lang.CharacterDataLatin1.equalsIgnoreCase(BB)Z @ 24 c2
Event: 51.541 Thread 0x00000242fd610b70 DEOPT PACKING pc=0x0000024287c33b0c sp=0x0000004b3bafb830
Event: 51.541 Thread 0x00000242fd610b70 DEOPT UNPACKING pc=0x00000242875846a2 sp=0x0000004b3bafb7c0 mode 2
Event: 51.570 Thread 0x00000242fd610b70 Uncommon trap: trap_request=0xffffff45 fr.pc=0x0000024287f17c80 relative=0x0000000000000500
Event: 51.570 Thread 0x00000242fd610b70 Uncommon trap: reason=unstable_if action=reinterpret pc=0x0000024287f17c80 method=sun.security.provider.DigestBase.engineUpdate([BII)V @ 1 c2
Event: 51.570 Thread 0x00000242fd610b70 DEOPT PACKING pc=0x0000024287f17c80 sp=0x0000004b3bafc000
Event: 51.570 Thread 0x00000242fd610b70 DEOPT UNPACKING pc=0x00000242875846a2 sp=0x0000004b3bafbfb8 mode 2
Event: 52.881 Thread 0x00000242fd610b70 DEOPT PACKING pc=0x00000242812fe9fc sp=0x0000004b3bafc9e0
Event: 52.881 Thread 0x00000242fd610b70 DEOPT UNPACKING pc=0x0000024287584e42 sp=0x0000004b3bafbeb8 mode 0
Event: 52.884 Thread 0x00000242fd613960 Uncommon trap: trap_request=0xffffff45 fr.pc=0x0000024287bc5030 relative=0x0000000000000090
Event: 52.884 Thread 0x00000242fd613960 Uncommon trap: reason=unstable_if action=reinterpret pc=0x0000024287bc5030 method=jdk.internal.misc.Unsafe.convEndian(ZS)S @ 4 c2
Event: 52.884 Thread 0x00000242fd613960 DEOPT PACKING pc=0x0000024287bc5030 sp=0x0000004b3c2fa250
Event: 52.884 Thread 0x00000242fd613960 DEOPT UNPACKING pc=0x00000242875846a2 sp=0x0000004b3c2fa158 mode 2

Classes loaded (20 events):
Event: 44.490 Loading class javax/management/ListenerNotFoundException
Event: 44.490 Loading class javax/management/OperationsException
Event: 44.490 Loading class javax/management/JMException
Event: 44.490 Loading class javax/management/JMException done
Event: 44.490 Loading class javax/management/OperationsException done
Event: 44.490 Loading class javax/management/ListenerNotFoundException done
Event: 44.508 Loading class com/sun/jmx/mbeanserver/StandardMBeanSupport
Event: 44.508 Loading class com/sun/jmx/mbeanserver/StandardMBeanSupport done
Event: 44.508 Loading class com/sun/jmx/mbeanserver/StandardMBeanIntrospector
Event: 44.509 Loading class com/sun/jmx/mbeanserver/StandardMBeanIntrospector done
Event: 46.259 Loading class java/util/concurrent/ConcurrentSkipListMap$KeySet
Event: 46.259 Loading class java/util/concurrent/ConcurrentSkipListMap$KeySet done
Event: 46.259 Loading class java/util/concurrent/ConcurrentSkipListMap$KeyIterator
Event: 46.259 Loading class java/util/concurrent/ConcurrentSkipListMap$KeyIterator done
Event: 51.043 Loading class java/util/zip/ZipFile$ZipEntryIterator
Event: 51.043 Loading class java/util/zip/ZipFile$ZipEntryIterator done
Event: 51.237 Loading class java/io/SequenceInputStream
Event: 51.237 Loading class java/io/SequenceInputStream done
Event: 51.250 Loading class java/util/Collections$UnmodifiableSortedMap
Event: 51.250 Loading class java/util/Collections$UnmodifiableSortedMap done

Classes unloaded (14 events):
Event: 9.942 Thread 0x00000242f6b0ee00 Unloading class 0x0000024290891c28 '_BuildScript_$_run_closure2$_closure4'
Event: 9.942 Thread 0x00000242f6b0ee00 Unloading class 0x0000024290891848 '_BuildScript_$_run_closure2$_closure3'
Event: 9.942 Thread 0x00000242f6b0ee00 Unloading class 0x0000024290891468 '_BuildScript_$_run_closure2'
Event: 9.942 Thread 0x00000242f6b0ee00 Unloading class 0x0000024290891088 '_BuildScript_$_run_closure1'
Event: 9.942 Thread 0x00000242f6b0ee00 Unloading class 0x0000024290890ba0 '_BuildScript_'
Event: 9.942 Thread 0x00000242f6b0ee00 Unloading class 0x00000242908907c0 'JetGradlePlugin$_apply_closure1$_closure2$_closure3'
Event: 9.942 Thread 0x00000242f6b0ee00 Unloading class 0x00000242908903e0 'JetGradlePlugin$_apply_closure1$_closure2'
Event: 9.942 Thread 0x00000242f6b0ee00 Unloading class 0x0000024290890000 'JetGradlePlugin$_apply_closure1'
Event: 9.942 Thread 0x00000242f6b0ee00 Unloading class 0x000002429088a2c0 'JetGradlePlugin'
Event: 9.942 Thread 0x00000242f6b0ee00 Unloading class 0x000002429088a000 'RegistryProcessor'
Event: 9.942 Thread 0x00000242f6b0ee00 Unloading class 0x0000024290889c00 'GradleDaemonClassLoaderModelPlugin'
Event: 9.942 Thread 0x00000242f6b0ee00 Unloading class 0x00000242908343e0 '_BuildScript_$_run_closure1$_closure2'
Event: 9.942 Thread 0x00000242f6b0ee00 Unloading class 0x0000024290834000 '_BuildScript_$_run_closure1'
Event: 9.942 Thread 0x00000242f6b0ee00 Unloading class 0x000002429082c000 '_BuildScript_'

Classes redefined (0 events):
No events

Internal exceptions (20 events):
Event: 45.835 Thread 0x00000242fcfa78c0 Exception <a 'java/lang/ClassNotFoundException'{0x00000000ed12c788}: org/gradle/api/internal/provider/Providers$MemoizingProviderCustomizer> (0x00000000ed12c788) 
thrown [s\open\src\hotspot\share\classfile\systemDictionary.cpp, line 312]
Event: 45.909 Thread 0x00000242fcfa78c0 Exception <a 'java/lang/NoSuchMethodError'{0x00000000ecef1848}: 'java.lang.Object java.lang.invoke.DirectMethodHandle$Holder.invokeStatic(java.lang.Object, java.lang.Object, int, java.lang.Object, java.lang.Object, java.lang.Object)'> (0x00000000ecef1848) 
thrown [s\open\src\hotspot\share\interpreter\linkResolver.cpp, line 773]
Event: 45.909 Thread 0x00000242fcfa78c0 Exception <a 'java/lang/NoSuchMethodError'{0x00000000ecef95c8}: 'java.lang.Object java.lang.invoke.DirectMethodHandle$Holder.newInvokeSpecial(java.lang.Object, java.lang.Object, int, java.lang.Object, java.lang.Object, java.lang.Object)'> (0x00000000ecef95c8) 
thrown [s\open\src\hotspot\share\interpreter\linkResolver.cpp, line 773]
Event: 45.910 Thread 0x00000242fcfa78c0 Exception <a 'java/lang/NoSuchMethodError'{0x00000000ecd01488}: 'java.lang.Object java.lang.invoke.Invokers$Holder.linkToTargetMethod(java.lang.Object, int, java.lang.Object, java.lang.Object, java.lang.Object, java.lang.Object)'> (0x00000000ecd01488) 
thrown [s\open\src\hotspot\share\interpreter\linkResolver.cpp, line 773]
Event: 45.968 Thread 0x00000242fcfa78c0 Exception <a 'java/lang/NoSuchMethodError'{0x00000000ec92b7e8}: static Lorg/jetbrains/kotlin/gradle/targets/js/npm/resolved/KotlinRootNpmResolution;.<clinit>()V> (0x00000000ec92b7e8) 
thrown [s\open\src\hotspot\share\prims\jni.cpp, line 1111]
Event: 45.969 Thread 0x00000242fcfa78c0 Exception <a 'java/lang/NoSuchMethodError'{0x00000000ec942320}: static Ljava/lang/Object;.<clinit>()V> (0x00000000ec942320) 
thrown [s\open\src\hotspot\share\prims\jni.cpp, line 1111]
Event: 45.969 Thread 0x00000242fcfa78c0 Exception <a 'java/lang/NoSuchMethodError'{0x00000000ec95c318}: static Lorg/jetbrains/kotlin/gradle/targets/js/npm/resolver/KotlinCompilationNpmResolution;.<clinit>()V> (0x00000000ec95c318) 
thrown [s\open\src\hotspot\share\prims\jni.cpp, line 1111]
Event: 45.970 Thread 0x00000242fcfa78c0 Exception <a 'java/lang/NoSuchMethodError'{0x00000000ec97bb68}: static Lorg/jetbrains/kotlin/gradle/targets/js/npm/resolver/FileExternalGradleDependency;.<clinit>()V> (0x00000000ec97bb68) 
thrown [s\open\src\hotspot\share\prims\jni.cpp, line 1111]
Event: 45.971 Thread 0x00000242fcfa78c0 Exception <a 'java/lang/NoSuchMethodError'{0x00000000ec99b860}: static Lorg/jetbrains/kotlin/gradle/targets/js/nodejs/TasksRequirements;.<clinit>()V> (0x00000000ec99b860) 
thrown [s\open\src\hotspot\share\prims\jni.cpp, line 1111]
Event: 45.972 Thread 0x00000242fcfa78c0 Exception <a 'java/lang/NoSuchMethodError'{0x00000000ec9b4060}: static Lorg/jetbrains/kotlin/gradle/targets/js/NpmPackageVersion;.<clinit>()V> (0x00000000ec9b4060) 
thrown [s\open\src\hotspot\share\prims\jni.cpp, line 1111]
Event: 45.973 Thread 0x00000242fcfa78c0 Exception <a 'java/lang/NoSuchMethodError'{0x00000000ec9cfc60}: static Lorg/jetbrains/kotlin/gradle/targets/js/npm/NpmDependencyDeclaration;.<clinit>()V> (0x00000000ec9cfc60) 
thrown [s\open\src\hotspot\share\prims\jni.cpp, line 1111]
Event: 45.973 Thread 0x00000242fcfa78c0 Exception <a 'java/lang/NoSuchMethodError'{0x00000000ec9ea7d0}: static Lorg/jetbrains/kotlin/gradle/targets/js/npm/resolver/FileCollectionExternalGradleDependency;.<clinit>()V> (0x00000000ec9ea7d0) 
thrown [s\open\src\hotspot\share\prims\jni.cpp, line 1111]
Event: 45.974 Thread 0x00000242fcfa78c0 Exception <a 'java/lang/NoSuchMethodError'{0x00000000ec804070}: static Lorg/jetbrains/kotlin/gradle/targets/js/npm/resolver/InternalDependency;.<clinit>()V> (0x00000000ec804070) 
thrown [s\open\src\hotspot\share\prims\jni.cpp, line 1111]
Event: 46.152 Thread 0x00000242a6e13c10 Exception <a 'java/lang/NoSuchMethodError'{0x00000000f1f28138}: static Lorg/gradle/internal/build/event/types/DefaultTaskSkippedResult;.<clinit>()V> (0x00000000f1f28138) 
thrown [s\open\src\hotspot\share\prims\jni.cpp, line 1111]
Event: 46.257 Thread 0x00000242fd613960 Exception <a 'sun/nio/fs/WindowsException'{0x00000000f1dee408}> (0x00000000f1dee408) 
thrown [s\open\src\hotspot\share\prims\jni.cpp, line 520]
Event: 46.258 Thread 0x00000242fd613960 Exception <a 'sun/nio/fs/WindowsException'{0x00000000f1df04c0}> (0x00000000f1df04c0) 
thrown [s\open\src\hotspot\share\prims\jni.cpp, line 520]
Event: 46.258 Thread 0x00000242fd613960 Exception <a 'java/lang/IncompatibleClassChangeError'{0x00000000f1df65f0}: Found class java.lang.Object, but interface was expected> (0x00000000f1df65f0) 
thrown [s\open\src\hotspot\share\interpreter\linkResolver.cpp, line 840]
Event: 46.260 Thread 0x00000242fd613960 Exception <a 'java/lang/NoSuchMethodError'{0x00000000f1c23888}: static Ljava/lang/Object;.<clinit>()V> (0x00000000f1c23888) 
thrown [s\open\src\hotspot\share\prims\jni.cpp, line 1111]
Event: 51.044 Thread 0x00000242fd610b70 Implicit null exception at 0x0000024287cad475 to 0x0000024287cae064
Event: 51.249 Thread 0x00000242fd613960 Exception <a 'java/lang/NoSuchMethodError'{0x00000000ee97bd40}: 'int java.lang.invoke.DirectMethodHandle$Holder.invokeSpecial(java.lang.Object, java.lang.Object, int)'> (0x00000000ee97bd40) 
thrown [s\open\src\hotspot\share\interpreter\linkResolver.cpp, line 773]

ZGC Phase Switch (0 events):
No events

VM Operations (20 events):
Event: 46.056 Executing VM operation: G1CollectForAllocation (G1 Evacuation Pause)
Event: 46.068 Executing VM operation: G1CollectForAllocation (G1 Evacuation Pause) done
Event: 46.157 Executing VM operation: HandshakeAllThreads (Deoptimize)
Event: 46.157 Executing VM operation: HandshakeAllThreads (Deoptimize) done
Event: 47.157 Executing VM operation: Cleanup
Event: 47.158 Executing VM operation: Cleanup done
Event: 48.163 Executing VM operation: Cleanup
Event: 48.163 Executing VM operation: Cleanup done
Event: 50.178 Executing VM operation: Cleanup
Event: 50.178 Executing VM operation: Cleanup done
Event: 51.048 Executing VM operation: HandshakeAllThreads (Deoptimize)
Event: 51.048 Executing VM operation: HandshakeAllThreads (Deoptimize) done
Event: 51.245 Executing VM operation: HandshakeAllThreads (Deoptimize)
Event: 51.246 Executing VM operation: HandshakeAllThreads (Deoptimize) done
Event: 51.246 Executing VM operation: Cleanup
Event: 51.246 Executing VM operation: Cleanup done
Event: 51.252 Executing VM operation: HandshakeAllThreads (Deoptimize)
Event: 51.252 Executing VM operation: HandshakeAllThreads (Deoptimize) done
Event: 52.251 Executing VM operation: Cleanup
Event: 52.251 Executing VM operation: Cleanup done

Events (20 events):
Event: 45.620 Thread 0x00000242ffa6f9a0 Thread exited: 0x00000242ffa6f9a0
Event: 45.988 Thread 0x00000242a6109230 Thread added: 0x00000242a6109230
Event: 46.043 Thread 0x00000242fd60f130 Thread added: 0x00000242fd60f130
Event: 46.045 Thread 0x00000242fd60f130 Thread exited: 0x00000242fd60f130
Event: 46.093 Thread 0x00000242fd610b70 Thread added: 0x00000242fd610b70
Event: 46.111 Thread 0x00000242fd610b70 Thread exited: 0x00000242fd610b70
Event: 46.142 Thread 0x00000242fd60f130 Thread added: 0x00000242fd60f130
Event: 46.143 Thread 0x00000242fd60fe50 Thread added: 0x00000242fd60fe50
Event: 46.143 Thread 0x00000242fd6104e0 Thread added: 0x00000242fd6104e0
Event: 46.143 Thread 0x00000242fd610b70 Thread added: 0x00000242fd610b70
Event: 46.143 Thread 0x00000242fd60d6f0 Thread added: 0x00000242fd60d6f0
Event: 46.143 Thread 0x00000242fd611200 Thread added: 0x00000242fd611200
Event: 46.144 Thread 0x00000242fd614680 Thread added: 0x00000242fd614680
Event: 46.144 Thread 0x00000242fd613ff0 Thread added: 0x00000242fd613ff0
Event: 46.144 Thread 0x00000242fd6125b0 Thread added: 0x00000242fd6125b0
Event: 46.144 Thread 0x00000242fd6132d0 Thread added: 0x00000242fd6132d0
Event: 46.144 Thread 0x00000242fd612c40 Thread added: 0x00000242fd612c40
Event: 46.144 Thread 0x00000242fd613960 Thread added: 0x00000242fd613960
Event: 46.145 Thread 0x00000242fd611f20 Thread added: 0x00000242fd611f20
Event: 46.887 Thread 0x00000242a6109230 Thread exited: 0x00000242a6109230


Dynamic libraries:
0x00007ff78cc70000 - 0x00007ff78cc80000 	D:\Java\jdk-21\bin\java.exe
0x00007fff86de0000 - 0x00007fff87047000 	C:\WINDOWS\SYSTEM32\ntdll.dll
0x00007fff86240000 - 0x00007fff86309000 	C:\WINDOWS\System32\KERNEL32.DLL
0x00007fff83fe0000 - 0x00007fff843cf000 	C:\WINDOWS\System32\KERNELBASE.dll
0x00007fff84870000 - 0x00007fff849bb000 	C:\WINDOWS\System32\ucrtbase.dll
0x00007fff65910000 - 0x00007fff65929000 	D:\Java\jdk-21\bin\jli.dll
0x00007fff574a0000 - 0x00007fff574be000 	D:\Java\jdk-21\bin\VCRUNTIME140.dll
0x00007fff85210000 - 0x00007fff852c4000 	C:\WINDOWS\System32\ADVAPI32.dll
0x00007fff86180000 - 0x00007fff86229000 	C:\WINDOWS\System32\msvcrt.dll
0x00007fff85b40000 - 0x00007fff85be6000 	C:\WINDOWS\System32\sechost.dll
0x00007fff85960000 - 0x00007fff85a78000 	C:\WINDOWS\System32\RPCRT4.dll
0x00007fff85fb0000 - 0x00007fff86175000 	C:\WINDOWS\System32\USER32.dll
0x00007fff84610000 - 0x00007fff84637000 	C:\WINDOWS\System32\win32u.dll
0x00007fff67ca0000 - 0x00007fff67f33000 	C:\WINDOWS\WinSxS\amd64_microsoft.windows.common-controls_6595b64144ccf1df_6.0.26100.7309_none_3e05feeae336a044\COMCTL32.dll
0x00007fff86610000 - 0x00007fff8663b000 	C:\WINDOWS\System32\GDI32.dll
0x00007fff849c0000 - 0x00007fff84aec000 	C:\WINDOWS\System32\gdi32full.dll
0x00007fff83f30000 - 0x00007fff83fd3000 	C:\WINDOWS\System32\msvcp_win.dll
0x00007fff7bd60000 - 0x00007fff7bd6b000 	C:\WINDOWS\SYSTEM32\VERSION.dll
0x00007fff852d0000 - 0x00007fff85301000 	C:\WINDOWS\System32\IMM32.DLL
0x00007fff61550000 - 0x00007fff61642000 	C:\Program Files\Windhawk\Engine\1.7.3\64\windhawk.dll
0x00007fff722e0000 - 0x00007fff722ec000 	D:\Java\jdk-21\bin\vcruntime140_1.dll
0x00007fff11db0000 - 0x00007fff11e3d000 	D:\Java\jdk-21\bin\msvcp140.dll
0x00007ffef3e10000 - 0x00007ffef4b37000 	D:\Java\jdk-21\bin\server\jvm.dll
0x00007fff86310000 - 0x00007fff86384000 	C:\WINDOWS\System32\WS2_32.dll
0x00007fff83db0000 - 0x00007fff83e0e000 	C:\WINDOWS\SYSTEM32\POWRPROF.dll
0x00007fff7a130000 - 0x00007fff7a165000 	C:\WINDOWS\SYSTEM32\WINMM.dll
0x00007fff83d90000 - 0x00007fff83da4000 	C:\WINDOWS\SYSTEM32\UMPDC.dll
0x00007fff82ce0000 - 0x00007fff82cfb000 	C:\WINDOWS\SYSTEM32\kernel.appcore.dll
0x00007fff720e0000 - 0x00007fff720ea000 	D:\Java\jdk-21\bin\jimage.dll
0x00007fff6a660000 - 0x00007fff6a8a2000 	C:\WINDOWS\SYSTEM32\DBGHELP.DLL
0x00007fff855b0000 - 0x00007fff85936000 	C:\WINDOWS\System32\combase.dll
0x00007fff854d0000 - 0x00007fff855a6000 	C:\WINDOWS\System32\OLEAUT32.dll
0x00007fff681f0000 - 0x00007fff6822c000 	C:\WINDOWS\SYSTEM32\dbgcore.DLL
0x00007fff843e0000 - 0x00007fff84485000 	C:\WINDOWS\System32\bcryptPrimitives.dll
0x00007fff664b0000 - 0x00007fff664c0000 	D:\Java\jdk-21\bin\instrument.dll
0x00007fff52e00000 - 0x00007fff52e21000 	D:\Java\jdk-21\bin\java.dll
0x00007fff86640000 - 0x00007fff86d93000 	C:\WINDOWS\System32\SHELL32.dll
0x00007fff84700000 - 0x00007fff8486a000 	C:\WINDOWS\System32\wintypes.dll
0x00007fff81b70000 - 0x00007fff823ce000 	C:\WINDOWS\SYSTEM32\windows.storage.dll
0x00007fff85ea0000 - 0x00007fff85f94000 	C:\WINDOWS\System32\SHCORE.dll
0x00007fff86540000 - 0x00007fff865a6000 	C:\WINDOWS\System32\shlwapi.dll
0x00007fff83e20000 - 0x00007fff83e49000 	C:\WINDOWS\SYSTEM32\profapi.dll
0x00007fff11570000 - 0x00007fff11647000 	D:\Java\jdk-21\bin\jsvml.dll
0x00007fff56c30000 - 0x00007fff56c48000 	D:\Java\jdk-21\bin\zip.dll
0x00007fff54d20000 - 0x00007fff54d31000 	D:\Java\jdk-21\bin\net.dll
0x00007fff7c6c0000 - 0x00007fff7c7e8000 	C:\WINDOWS\SYSTEM32\WINHTTP.dll
0x00007fff83250000 - 0x00007fff832bb000 	C:\WINDOWS\system32\mswsock.dll
0x00007fff53540000 - 0x00007fff53556000 	D:\Java\jdk-21\bin\nio.dll
0x00007fff65bf0000 - 0x00007fff65c00000 	D:\Java\jdk-21\bin\verify.dll
0x00007fff65830000 - 0x00007fff65857000 	D:\.gradle\native\660c5614fbf4a5f2a75b1949f50a0caf5cd603558e7d8a26e50b933a0cfb79d1\windows-amd64\native-platform.dll
0x00007fff11b70000 - 0x00007fff11be7000 	D:\.gradle\native\0.2.8\x86_64-windows-gnu\gradle-fileevents.dll
0x00007fff65aa0000 - 0x00007fff65aaa000 	D:\Java\jdk-21\bin\management.dll
0x00007fff65970000 - 0x00007fff6597c000 	D:\Java\jdk-21\bin\management_ext.dll
0x00007fff85fa0000 - 0x00007fff85fa8000 	C:\WINDOWS\System32\PSAPI.DLL
0x00007fff826f0000 - 0x00007fff82724000 	C:\WINDOWS\SYSTEM32\IPHLPAPI.DLL
0x00007fff85940000 - 0x00007fff8594a000 	C:\WINDOWS\System32\NSI.dll
0x00007fff62a00000 - 0x00007fff62a09000 	D:\Java\jdk-21\bin\extnet.dll
0x00007fff83520000 - 0x00007fff8353b000 	C:\WINDOWS\SYSTEM32\CRYPTSP.dll
0x00007fff82c40000 - 0x00007fff82c7a000 	C:\WINDOWS\system32\rsaenh.dll
0x00007fff83300000 - 0x00007fff8332b000 	C:\WINDOWS\SYSTEM32\USERENV.dll
0x00007fff83e50000 - 0x00007fff83e7a000 	C:\WINDOWS\SYSTEM32\bcrypt.dll
0x00007fff83510000 - 0x00007fff8351c000 	C:\WINDOWS\SYSTEM32\CRYPTBASE.dll
0x00007fff610b0000 - 0x00007fff610be000 	D:\Java\jdk-21\bin\sunmscapi.dll
0x00007fff84490000 - 0x00007fff84607000 	C:\WINDOWS\System32\CRYPT32.dll
0x00007fff83730000 - 0x00007fff83760000 	C:\WINDOWS\SYSTEM32\ncrypt.dll
0x00007fff836e0000 - 0x00007fff8371f000 	C:\WINDOWS\SYSTEM32\NTASN1.dll
0x00007fff52e30000 - 0x00007fff52e38000 	C:\WINDOWS\system32\wshunix.dll

dbghelp: loaded successfully - version: 4.0.5 - missing functions: none
symbol engine: initialized successfully - sym options: 0x614 - pdb path: .;D:\Java\jdk-21\bin;C:\WINDOWS\SYSTEM32;C:\WINDOWS\WinSxS\amd64_microsoft.windows.common-controls_6595b64144ccf1df_6.0.26100.7309_none_3e05feeae336a044;C:\Program Files\Windhawk\Engine\1.7.3\64;D:\Java\jdk-21\bin\server;D:\.gradle\native\660c5614fbf4a5f2a75b1949f50a0caf5cd603558e7d8a26e50b933a0cfb79d1\windows-amd64;D:\.gradle\native\0.2.8\x86_64-windows-gnu

VM Arguments:
jvm_args: --add-opens=java.base/java.lang=ALL-UNNAMED --add-opens=java.base/java.lang.invoke=ALL-UNNAMED --add-opens=java.base/java.util=ALL-UNNAMED --add-opens=java.prefs/java.util.prefs=ALL-UNNAMED --add-exports=jdk.compiler/com.sun.tools.javac.api=ALL-UNNAMED --add-exports=jdk.compiler/com.sun.tools.javac.util=ALL-UNNAMED --add-opens=java.base/java.nio.charset=ALL-UNNAMED --add-opens=java.base/java.net=ALL-UNNAMED --add-opens=java.base/java.util.concurrent=ALL-UNNAMED --add-opens=java.base/java.util.concurrent.atomic=ALL-UNNAMED --add-opens=java.xml/javax.xml.namespace=ALL-UNNAMED --add-opens=java.base/java.time=ALL-UNNAMED -XX:MaxMetaspaceSize=384m -XX:+HeapDumpOnOutOfMemoryError -Xms256m -Xmx512m -Dfile.encoding=UTF-8 -Duser.country=US -Duser.language=en -Duser.variant -javaagent:D:\.gradle\wrapper\dists\gradle-9.6.1-bin\4ticwg1pgcbps2hj28r8so764\gradle-9.6.1\lib\agents\gradle-instrumentation-agent-9.6.1.jar 
java_command: org.gradle.launcher.daemon.bootstrap.GradleDaemon 9.6.1
java_class_path (initial): D:\.gradle\wrapper\dists\gradle-9.6.1-bin\4ticwg1pgcbps2hj28r8so764\gradle-9.6.1\lib\gradle-daemon-main-9.6.1.jar
Launcher Type: SUN_STANDARD

[Global flags]
     intx CICompilerCount                          = 4                                         {product} {ergonomic}
   size_t CompressedClassSpaceSize                 = 335544320                                 {product} {ergonomic}
     uint ConcGCThreads                            = 3                                         {product} {ergonomic}
     uint G1ConcRefinementThreads                  = 10                                        {product} {ergonomic}
   size_t G1HeapRegionSize                         = 1048576                                   {product} {ergonomic}
    uintx GCDrainStackTargetSize                   = 64                                        {product} {ergonomic}
     bool HeapDumpOnOutOfMemoryError               = true                                   {manageable} {command line}
   size_t InitialHeapSize                          = 268435456                                 {product} {command line}
   size_t MarkStackSize                            = 4194304                                   {product} {ergonomic}
   size_t MaxHeapSize                              = 536870912                                 {product} {command line}
   size_t MaxMetaspaceSize                         = 402653184                                 {product} {command line}
   size_t MaxNewSize                               = 321912832                                 {product} {ergonomic}
   size_t MinHeapDeltaBytes                        = 1048576                                   {product} {ergonomic}
   size_t MinHeapSize                              = 268435456                                 {product} {command line}
    uintx NonNMethodCodeHeapSize                   = 5839372                                {pd product} {ergonomic}
    uintx NonProfiledCodeHeapSize                  = 122909434                              {pd product} {ergonomic}
    uintx ProfiledCodeHeapSize                     = 122909434                              {pd product} {ergonomic}
    uintx ReservedCodeCacheSize                    = 251658240                              {pd product} {ergonomic}
     bool SegmentedCodeCache                       = true                                      {product} {ergonomic}
   size_t SoftMaxHeapSize                          = 536870912                              {manageable} {ergonomic}
     bool UseCompressedOops                        = true                           {product lp64_product} {ergonomic}
     bool UseG1GC                                  = true                                      {product} {ergonomic}
     bool UseLargePagesIndividualAllocation        = false                                  {pd product} {ergonomic}

Logging:
Log output configuration:
 #0: stdout all=warning uptime,level,tags foldmultilines=false
 #1: stderr all=off uptime,level,tags foldmultilines=false

Environment Variables:
JAVA_HOME=D:\Java\jdk-21
PATH=D:\JDK\bin;C:\Program Files\ImageMagick-7.1.1-Q16-HDRI;C:\Windows\system32;C:\Windows;C:\Windows\System32\Wbem;C:\Windows\System32\WindowsPowerShell\v1.0\;C:\Windows\System32\OpenSSH\;C:\MinGW\bin;c:\Users\USER\AppData\Local\Programs\cursor\resources\app\bin;C:\Program Files\Git\cmd;C:\Users\USER\AppData\Roaming\nvm;C:\Program Files\nodejs;C:\WINDOWS\system32;C:\WINDOWS;C:\WINDOWS\System32\Wbem;C:\WINDOWS\System32\WindowsPowerShell\v1.0\;C:\WINDOWS\System32\OpenSSH\;C:\Program Files\kotlin\kotlinc\bin;D:\Java\jdk-21\bin;C:\Program Files\FirefoxPWA\;D:\SDK\platform-tools;C:\Program Files\WiX Toolset v7.0\bin\;E:\Gpg4win\..\GnuPG\bin;D:\;D:\Memurai\;C:\Program Files\dotnet\;C:\Program Files\PowerShell\7\;C:\Users\USER\AppData\Local\agy\bin;C:\Users\USER\scoop\apps\kobweb\current\bin;C:\Users\USER\scoop\shims;C:\Program Files\Java\jdk-24\bin;C:\msys64\ucrt64\bin;C:\Program Files\kotlin\kotlinc\bin;C:\Users\USER\AppData\Local\Microsoft\WindowsApps;C:\Program Files\JetBrains\WebStorm 2025.1.2\bin;C:\Users\USER\AppData\Local\JetBrains\Toolbox\scripts;D:\CLion\CLion 2025.1.2\bin;D:\IntelliJ IDEA Community Edition 2025.1.2\bin;D:\PyCharm 2025.1.2\bin;C:\Users\USER\appdata\local\githubdesktop\bin;D:\WEBSTORM\WebStorm 2025.2.1\bin;D:\Microsoft VS Code\bin;C:\Users\USER\AppData\Local\spicetify;C:\Users\USER\AppData\Local\Microsoft\WinGet\Packages\yt-dlp.FFmpeg_Microsoft.Winget.Source_8wekyb3d8bbwe\ffmpeg-N-120858-gae448e00af-win64-gpl/bin;C:\Users\USER\AppData\Local\Microsoft\WinGet\Packages\yt-dlp.yt-dlp_Microsoft.Winget.Source_8wekyb3d8bbwe;D:\Antigravity\bin;C:\Users\USER\AppData\Local\Microsoft\WinGet\Packages\BurntSushi.ripgrep.MSVC_Microsoft.Winget.Source_8wekyb3d8bbwe\ripgrep-15.1.0-x86_64-pc-windows-msvc;C:\Users\USER\AppData\Local\Microsoft\WinGet\Packages\sharkdp.fd_Microsoft.Winget.Source_8wekyb3d8bbwe\fd-v10.3.0-x86_64-pc-windows-msvc;C:\Users\USER\.fly\bin;C:\Users\USER\AppData\Local\Programs\Ollama;C:\Users\USER\.local\bin;E:\Glass\bin;C:\Users\USER\AppData\Local\GitHubDesktop\bin;C:\Users\USER\.dotnet\tools;C:\Users\USER\AppData\AndroidCLI;D:\SDK\platform-tools;D:\SDK\emulator;D:\SDK\cmdline-tools\latest\bin;C:\Users\USER\AppData\Local\Programs\Antigravity IDE\bin
USERNAME=USER
OS=Windows_NT
PROCESSOR_IDENTIFIER=AMD64 Family 25 Model 80 Stepping 0, AuthenticAMD
TMP=C:\Users\USER\AppData\Local\Temp
TEMP=C:\Users\USER\AppData\Local\Temp




Periodic native trim disabled

---------------  S Y S T E M  ---------------

OS:
 Windows 11 , 64 bit Build 26100 (10.0.26100.7309)
OS uptime: 0 days 13:31 hours

CPU: total 12 (initial active 12) (12 cores per cpu, 2 threads per core) family 25 model 80 stepping 0 microcode 0xa500014, cx8, cmov, fxsr, ht, mmx, 3dnowpref, sse, sse2, sse3, ssse3, sse4a, sse4.1, sse4.2, popcnt, lzcnt, tsc, tscinvbit, avx, avx2, aes, erms, clmul, bmi1, bmi2, adx, sha, fma, vzeroupper, clflush, clflushopt, rdtscp, rdpid, fsrm, f16c, pku, cet_ss
Processor Information for all 12 processors :
  Max Mhz: 3600, Current Mhz: 3600, Mhz Limit: 3600

Memory: 4k page, system-wide physical 16252M (1610M free)
TotalPageFile size 20261M (AvailPageFile size 3M)
current process WorkingSet (physical memory assigned to process): 613M, peak: 637M
current process commit charge ("private bytes"): 664M, peak: 689M

vm_info: Java HotSpot(TM) 64-Bit Server VM (21.0.10+8-LTS-217) for windows-amd64 JRE (21.0.10+8-LTS-217), built on 2025-12-18T14:59:28Z by "mach5run" with MS VC++ 17.13 (VS2022)

END.
